article_id,article_v_id,rel
1000001,1015859.0,version
1000002,1015860.0,version
1000003,1015861.0,version
1000004,1015862.0,version
1000005,1241249.0,version
1128728,1016212.0,version
1128743,1016227.0,version
1128744,1016228.0,version
1128745,1016229.0,version
1128747,1016231.0,version
1128748,1016232.0,version
1128750,1016234.0,version
1128759,1016243.0,version
1128763,1016247.0,version
1128767,1016251.0,version
1128769,1016253.0,version
1128770,1016255.0,version
1128771,1016256.0,version
1128772,1016257.0,version
1128775,1016260.0,version
1146598,1049065.0,version
1146599,1049066.0,version
1146600,1049067.0,version
1146601,1049068.0,version
1146602,1049069.0,version
1146603,1049070.0,version
1146604,1049071.0,version
1146605,1049072.0,version
1021573,1049073.0,version
1040634,1049074.0,version
1040635,1049075.0,version
1041852,1049076.0,version
1041853,1049077.0,version
1041854,1049078.0,version
1041855,1049079.0,version
1085947,1049080.0,version
1085948,1049081.0,version
1085949,1049082.0,version
1101984,1049083.0,version
1101985,1049084.0,version
1101986,1049085.0,version
1101987,1049086.0,version
1147785,1049087.0,version
1147786,1049088.0,version
1147787,1049089.0,version
1147788,1049090.0,version
1147789,1049091.0,version
1147790,1049092.0,version
1147791,1049093.0,version
1147792,1049094.0,version
1147793,1049095.0,version
1061664,1016340.0,version
1124113,1016341.0,version
1163904,1016363.0,version
1000010,1016366.0,version
1000017,1016378.0,version
1008835,1016418.0,version
1008841,1016424.0,version
1008854,1016438.0,version
1008856,1016440.0,version
1008859,1016443.0,version
1008860,1016444.0,version
1008866,1016449.0,version
1008867,1016450.0,version
1008868,1016451.0,version
1008869,1016452.0,version
1008871,1016454.0,version
1008873,1016456.0,version
1008874,1016457.0,version
1008876,1016458.0,version
1008877,1016459.0,version
1021874,1016468.0,version
1021885,1016481.0,version
1000029,1016536.0,version
1000030,1016537.0,version
1000032,1016539.0,version
1000034,1016541.0,version
1008849,1016568.0,version
1008858,1016577.0,version
1008861,1016580.0,version
1008863,1016582.0,version
1008864,1016583.0,version
1008865,1016584.0,version
1008868,1016587.0,version
1008869,1016588.0,version
1008871,1016590.0,version
1008878,1016597.0,version
1008880,1123317.0,version
1008883,1016602.0,version
1008886,1016605.0,version
1021875,1016607.0,version
1021882,1016614.0,version
1021911,1016634.0,version
1054306,1016644.0,version
1054308,1016646.0,version
1054312,1016650.0,version
1054315,1016653.0,version
1000014,1016665.0,version
1000015,1016666.0,version
1000033,1016676.0,version
1000034,1016677.0,version
1008827,1016681.0,version
1008837,1016691.0,version
1008842,1016696.0,version
1008851,1189156.0,version
1008852,1189157.0,version
1008853,1189158.0,version
1008854,1189159.0,version
1008855,1189160.0,version
1008857,1189162.0,version
1008858,1189163.0,version
1008859,1189164.0,version
1008860,1189165.0,version
1008861,1189166.0,version
1008862,1189167.0,version
1008863,1189168.0,version
1008864,1189169.0,version
1008865,1189170.0,version
1008866,1189171.0,version
1008867,1189172.0,version
1008868,1189173.0,version
1008869,1189174.0,version
1008870,1189175.0,version
1008871,1189176.0,version
1008872,1189177.0,version
1008873,1189178.0,version
1008874,1189179.0,version
1008875,1189180.0,version
1021878,1016746.0,version
1000030,1016821.0,version
1000032,1016823.0,version
1008841,1016843.0,version
1008843,1016845.0,version
1008844,1016846.0,version
1008845,1016847.0,version
1008853,1016855.0,version
1008855,1016857.0,version
1008856,1016858.0,version
1008857,1016859.0,version
1008885,1016888.0,version
1021877,1016893.0,version
1021881,1189586.0,version
1021882,1049736.0,version
1021883,1049737.0,version
1021884,1049738.0,version
1021885,1049739.0,version
1021886,1049740.0,version
1021887,1049741.0,version
1021888,1049742.0,version
1021889,1049743.0,version
1021890,1049744.0,version
1021891,1049745.0,version
1021904,1049746.0,version
1021905,1049747.0,version
1021908,1017011.0,version
1021909,1017012.0,version
1021911,1017014.0,version
1021915,1017018.0,version
1054301,1017019.0,version
1054305,1017023.0,version
1054306,1017024.0,version
1054307,1017025.0,version
1000028,1017057.0,version
1000035,1017064.0,version
1000036,1017065.0,version
1008827,1017067.0,version
1008828,1017068.0,version
1008829,1017069.0,version
1008830,1017070.0,version
1008831,1017071.0,version
1008832,1017072.0,version
1008834,1017074.0,version
1008835,1017075.0,version
1008837,1017077.0,version
1008840,1017080.0,version
1008842,1017082.0,version
1008843,1017083.0,version
1008846,1017086.0,version
1008847,1017087.0,version
1008851,1017091.0,version
1008854,1017094.0,version
1008855,1017095.0,version
1021874,1017129.0,version
1021887,1017146.0,version
1021904,1017152.0,version
1021905,1017153.0,version
1021906,1284420.0,version
1021911,1010820.0,version
1000040,1010821.0,version
1006461,1016314.0,version
1006466,1016315.0,version
1006471,1016316.0,version
1101076,1295216.0,version
1101077,1295217.0,version
1101078,1295218.0,version
1101079,1295219.0,version
1101082,1250473.0,version
1101083,1142332.0,version
1101084,1142333.0,version
1101085,1142334.0,version
1115822,1142335.0,version
1115823,1142336.0,version
1115824,1142337.0,version
1115825,1142338.0,version
1115826,1142339.0,version
1115827,1142340.0,version
1115828,1142341.0,version
1115829,1142342.0,version
1115830,1142343.0,version
1115831,1142344.0,version
1115834,1142404.0,version
1115835,1142405.0,version
1115838,1142407.0,version
1115839,1142408.0,version
1115840,1142409.0,version
1314797,1142410.0,version
1332856,1142411.0,version
1122573,1142412.0,version
1122574,1142413.0,version
1122575,1142414.0,version
1122576,1091270.0,version
1122577,1142415.0,version
1122578,1142416.0,version
1122580,1142417.0,version
1122581,1142418.0,version
1122582,1142419.0,version
1122583,1142420.0,version
1259651,1458640.0,version
1259652,1050614.0,version
1259653,1050615.0,version
1259654,1050616.0,version
1259655,1050617.0,version
1259656,1050618.0,version
1280370,1050619.0,version
1280371,1050620.0,version
1280372,1050621.0,version
1280373,1050622.0,version
1280374,1050623.0,version
1280375,1050624.0,version
1303557,1050625.0,version
1303558,1050626.0,version
1323981,1050627.0,version
1323982,1050628.0,version
1328029,1406364.0,version
1328030,1406365.0,version
1328031,1406366.0,version
1328032,1406367.0,version
1000059,1406368.0,version
1000060,1406369.0,version
1000064,1018387.0,version
1000065,1296388.0,version
1000066,1296389.0,version
1000068,1296391.0,version
1000069,1296412.0,version
1000070,1296421.0,version
1000071,1296422.0,version
1013712,1296423.0,version
1013714,1296425.0,version
1013715,1296426.0,version
1013716,1296427.0,version
1013717,1296428.0,version
1013718,1296429.0,version
1013719,1296430.0,version
1013720,1296431.0,version
1013721,1296432.0,version
1013722,1018424.0,version
1013723,1018425.0,version
1013724,1018426.0,version
1013725,1018427.0,version
1013726,1018428.0,version
1013727,1018429.0,version
1013728,1018430.0,version
1013729,1018431.0,version
1013730,1018432.0,version
1013731,1018433.0,version
1013732,1018434.0,version
1013733,1018435.0,version
1013734,1018436.0,version
1013735,1018437.0,version
1013736,1018438.0,version
1013737,1018439.0,version
1013738,1018440.0,version
1013739,1018441.0,version
1013740,1018442.0,version
1013741,1018443.0,version
1013742,1018444.0,version
1013743,1018445.0,version
1013744,1018446.0,version
1013745,1018447.0,version
1013746,1018448.0,version
1019090,1018449.0,version
1020673,1018450.0,version
1020674,1018451.0,version
1020675,1018452.0,version
1020676,1018453.0,version
1020677,1018454.0,version
1020678,1018455.0,version
1020680,1018457.0,version
1020681,1018458.0,version
1020682,1018459.0,version
1021656,1018460.0,version
1022777,1018461.0,version
1022778,1018462.0,version
1022779,1018463.0,version
1022780,1018464.0,version
1022781,1018465.0,version
1022782,1018466.0,version
1022783,1018467.0,version
1022784,1018468.0,version
1022785,1018469.0,version
1022786,1018470.0,version
1022787,1018471.0,version
1022788,1018472.0,version
1022789,1018473.0,version
1022790,1018474.0,version
1022791,1018475.0,version
1022792,1018476.0,version
1022793,1018477.0,version
1022794,1018478.0,version
1022795,1018479.0,version
1022831,1018506.0,version
1022832,1018507.0,version
1022833,1018508.0,version
1022834,1018509.0,version
1022835,1018510.0,version
1022836,1018511.0,version
1022837,1018512.0,version
1022838,1018513.0,version
1022839,1018514.0,version
1022840,1018515.0,version
1022841,1018516.0,version
1022842,1018517.0,version
1022843,1018518.0,version
1022846,1018521.0,version
1022847,1018522.0,version
1022848,1018523.0,version
1022849,1018524.0,version
1022850,1018525.0,version
1022851,1018526.0,version
1022852,1018527.0,version
1022853,1018528.0,version
1022854,1018529.0,version
1022855,1018530.0,version
1022856,1018531.0,version
1022858,1018533.0,version
1022859,1018534.0,version
1022860,1018535.0,version
1022861,1018536.0,version
1022862,1018537.0,version
1022863,1018538.0,version
1022864,1018539.0,version
1022865,1018540.0,version
1022866,1018541.0,version
1022867,1018542.0,version
1022868,1018543.0,version
1022869,1018544.0,version
1022871,1018786.0,version
1022886,1297698.0,version
1022887,1297699.0,version
1022888,1297700.0,version
1022889,1297701.0,version
1022890,1297702.0,version
1022891,1245961.0,version
1022893,1245963.0,version
1067198,1018854.0,version
1067199,1245975.0,version
1067200,1018856.0,version
1072199,1245976.0,version
1078022,1018851.0,version
1108973,1018852.0,version
1134086,1018857.0,version
1134087,1018861.0,version
1134088,1018855.0,version
1165090,1018859.0,version
1165970,1018860.0,version
1165971,1010884.0,version
1165972,1018893.0,version
1165973,1018894.0,version
1175720,1018895.0,version
1218191,1018896.0,version
1218192,1018897.0,version
1218225,1018898.0,version
1218226,1018899.0,version
1226447,1018900.0,version
1248476,1018901.0,version
1248477,1018902.0,version
1248478,1018903.0,version
1252635,1018904.0,version
1252636,1018905.0,version
1252637,1018906.0,version
1258979,1018907.0,version
1258980,1018908.0,version
1258981,1018909.0,version
1258982,1018910.0,version
1258983,1018911.0,version
1258984,1018912.0,version
1258985,1018913.0,version
1110063,1018914.0,version
1110064,1018915.0,version
1110065,1010885.0,version
1110066,1018917.0,version
1110067,1018918.0,version
1110068,1018919.0,version
1110069,1297817.0,version
1110070,1297818.0,version
1110071,1297819.0,version
1110072,1297820.0,version
1110073,1297821.0,version
1110074,1297822.0,version
1240214,1297823.0,version
1240215,1297824.0,version
1240216,1298120.0,version
1240217,1298125.0,version
1240218,1298127.0,version
1240219,1298139.0,version
1240220,1246175.0,version
1240221,1246178.0,version
1240222,1246180.0,version
1240223,1246181.0,version
1240224,1246184.0,version
1240225,1246194.0,version
1240232,1019090.0,version
1240236,1298310.0,version
1240238,1016670.0,version
1240240,1016672.0,version
1240242,1010897.0,version
1003667,1016706.0,version
1003670,1016709.0,version
1003671,1003684.0,version
1003673,1003685.0,version
1003675,1003686.0,version
1003676,1016712.0,version
1003677,1003687.0,version
1003679,1016714.0,version
1003680,1016715.0,version
1003681,1016716.0,version
1003684,1380730.0,version
1003686,1380731.0,version
1003693,1003700.0,version
1003695,1003701.0,version
1003698,1019423.0,version
1003706,1356440.0,version
1003707,1356441.0,version
1003708,1356442.0,version
1003709,1356443.0,version
1003710,1356444.0,version
1003711,1356445.0,version
1003712,1356446.0,version
1003713,1356447.0,version
1003714,1356448.0,version
1003715,1356449.0,version
1003716,1356450.0,version
1003717,1356451.0,version
1003718,1356452.0,version
1003719,1356453.0,version
1003720,1356455.0,version
1003721,1356457.0,version
1003722,1356458.0,version
1003723,1019801.0,version
1003724,1019802.0,version
1003725,1019803.0,version
1003726,1019804.0,version
1003727,1019805.0,version
1003728,1019806.0,version
1003729,1019807.0,version
1003730,1019808.0,version
1003731,1019809.0,version
1003732,1019810.0,version
1003733,1019811.0,version
1003734,1019812.0,version
1003735,1019813.0,version
1003736,1019814.0,version
1003737,1019815.0,version
1003738,1019816.0,version
1003739,1019817.0,version
1003740,1019818.0,version
1003741,1019819.0,version
1003742,1019820.0,version
1003743,1019821.0,version
1003744,1019822.0,version
1003745,1019823.0,version
1003746,1462490.0,version
1003748,1462995.0,version
1003749,1462996.0,version
1003750,1462997.0,version
1003751,1300291.0,version
1003752,1096816.0,version
1003753,1096817.0,version
1003754,1096818.0,version
1003765,1097089.0,version
1003766,1097090.0,version
1003769,1097093.0,version
1003770,1097094.0,version
1003771,1097095.0,version
1003772,1097096.0,version
1003773,1097133.0,version
1005128,1097097.0,version
1067210,1097134.0,version
1005283,1020866.0,version
1005284,1020867.0,version
1005285,1020901.0,version
1005297,1097395.0,version
1005309,1021024.0,version
1005310,1021025.0,version
1005311,1021026.0,version
1005312,1021027.0,version
1005313,1021028.0,version
1005314,1021029.0,version
1005315,1021030.0,version
1005317,1021032.0,version
1005318,1021033.0,version
1005319,1021034.0,version
1005320,1021035.0,version
1005321,1021036.0,version
1005322,1021037.0,version
1005323,1021038.0,version
1005324,1021039.0,version
1005325,1021040.0,version
1005326,1021041.0,version
1005327,1021042.0,version
1005328,1021043.0,version
1005329,1021044.0,version
1005330,1021045.0,version
1005331,1021046.0,version
1005332,1021047.0,version
1005333,1021048.0,version
1005334,1021049.0,version
1005335,1021050.0,version
1005339,1021054.0,version
1005340,1021055.0,version
1005341,1021056.0,version
1005346,1021057.0,version
1005348,1021058.0,version
1005349,1021059.0,version
1005350,1021060.0,version
1005351,1021061.0,version
1005352,1021062.0,version
1005353,1021063.0,version
1005354,1021064.0,version
1005355,1021065.0,version
1005356,1021066.0,version
1005357,1021067.0,version
1005358,1021068.0,version
1005359,1021069.0,version
1005360,1021070.0,version
1005361,1021071.0,version
1005362,1021072.0,version
1005363,1021073.0,version
1005364,1021074.0,version
1005365,1021075.0,version
1005366,1021076.0,version
1005367,1021077.0,version
1005368,1021078.0,version
1005369,1021079.0,version
1005370,1021080.0,version
1005371,1021081.0,version
1005372,1021082.0,version
1005373,1021083.0,version
1005374,1021084.0,version
1005375,1021085.0,version
1005376,1021086.0,version
1005377,1021087.0,version
1005378,1021088.0,version
1005379,1021089.0,version
1005380,1021090.0,version
1005381,1021091.0,version
1005382,1021092.0,version
1005383,1021093.0,version
1005384,1021094.0,version
1005385,1021095.0,version
1005386,1021096.0,version
1005387,1021097.0,version
1005388,1021098.0,version
1005389,1021099.0,version
1005390,1021100.0,version
1005391,1021101.0,version
1094730,1021102.0,version
1094731,1021103.0,version
1144476,1021104.0,version
1005656,1021105.0,version
1005657,1021106.0,version
1005658,1021107.0,version
1005659,1021108.0,version
1005660,1021109.0,version
1005661,1021110.0,version
1005662,1021111.0,version
1005663,1021112.0,version
1006245,1021113.0,version
1006246,1021114.0,version
1006247,1021115.0,version
1006248,1021116.0,version
1006504,1021117.0,version
1006505,1021118.0,version
1006506,1021119.0,version
1006507,1021120.0,version
1006508,1021121.0,version
1006509,1021122.0,version
1006510,1021129.0,version
1007402,1021186.0,version
1007408,1021192.0,version
1007409,1021193.0,version
1007410,1021194.0,version
1007411,1021195.0,version
1007421,1140322.0,version
1007422,1140330.0,version
1007423,1054301.0,version
1007426,1054304.0,version
1007427,1054305.0,version
1007428,1054306.0,version
1007429,1054307.0,version
1007430,1054308.0,version
1007431,1054309.0,version
1007432,1054310.0,version
1007433,1054311.0,version
1007435,1054313.0,version
1007436,1054314.0,version
1007437,1054315.0,version
1007498,1054316.0,version
1007499,1054317.0,version
1007500,1054318.0,version
1007501,1054319.0,version
1007502,1021573.0,version
1007505,1054344.0,version
1007507,1054346.0,version
1007508,1054347.0,version
1007509,1054348.0,version
1007510,1054349.0,version
1007511,1054350.0,version
1007514,1197477.0,version
1007528,1054358.0,version
1007825,1054359.0,version
1007826,1054360.0,version
1007827,1054361.0,version
1007828,1054362.0,version
1007831,1021656.0,version
1007832,1098330.0,version
1007865,1021770.0,version
1007866,1444836.0,version
1120680,1021874.0,version
1120682,1021876.0,version
1120683,1021877.0,version
1120685,1021879.0,version
1120686,1021880.0,version
1120687,1021881.0,version
1120698,1021896.0,version
1120699,1021897.0,version
1120700,1021898.0,version
1120701,1021899.0,version
1120702,1021900.0,version
1120703,1021901.0,version
1120704,1021902.0,version
1120705,1021904.0,version
1120706,1021905.0,version
1120707,1021906.0,version
1120708,1021907.0,version
1120709,1021908.0,version
1120710,1021909.0,version
1120711,1021910.0,version
1120712,1021911.0,version
1120713,1021912.0,version
1120714,1021913.0,version
1120715,1021914.0,version
1120716,1021915.0,version
1120717,1098605.0,version
1120718,1098606.0,version
1120720,1098608.0,version
1120721,1098609.0,version
1120722,1098610.0,version
1120723,1098611.0,version
1120742,1098612.0,version
1120743,1098613.0,version
1120744,1098614.0,version
1120745,1098615.0,version
1120746,1098616.0,version
1120747,1098617.0,version
1120748,1098618.0,version
1120749,1098619.0,version
1120750,1098620.0,version
1120752,1030272.0,version
1120753,1030273.0,version
1120754,1030274.0,version
1120755,1030275.0,version
1120756,1030297.0,version
1120759,1303311.0,version
1120760,1303312.0,version
1120761,1303313.0,version
1120763,1030327.0,version
1120764,1030329.0,version
1120765,1030332.0,version
1120766,1030333.0,version
1120767,1030334.0,version
1013254,1149281.0,version
1013255,1149282.0,version
1013257,1149283.0,version
1013258,1149284.0,version
1013259,1149285.0,version
1013260,1149286.0,version
1013261,1149287.0,version
1013262,1149288.0,version
1013263,1149289.0,version
1013264,1149290.0,version
1013265,1149291.0,version
1013266,1149292.0,version
1013267,1149293.0,version
1013626,1149294.0,version
1013627,1149295.0,version
1013628,1149296.0,version
1013629,1149297.0,version
1013630,1149298.0,version
1013631,1149299.0,version
1013632,1149300.0,version
1013633,1149301.0,version
1013634,1149302.0,version
1013635,1149303.0,version
1013636,1149304.0,version
1013637,1149305.0,version
1013638,1149306.0,version
1013639,1149307.0,version
1013640,1149308.0,version
1013641,1149309.0,version
1013642,1149310.0,version
1013700,1149311.0,version
1013701,1149312.0,version
1013702,1149313.0,version
1013703,1149314.0,version
1013704,1149315.0,version
1013705,1149316.0,version
1013706,1149317.0,version
1013707,1149318.0,version
1013708,1149319.0,version
1013709,1149320.0,version
1013710,1149321.0,version
1013712,1149322.0,version
1013713,1149323.0,version
1013714,1149324.0,version
1013715,1149325.0,version
1013716,1149326.0,version
1013717,1149327.0,version
1013718,1149328.0,version
1013719,1149329.0,version
1013720,1149330.0,version
1013721,1149331.0,version
1013722,1149332.0,version
1013723,1149333.0,version
1013724,1149334.0,version
1013725,1149335.0,version
1013726,1149336.0,version
1013727,1149337.0,version
1013728,1149338.0,version
1013729,1149339.0,version
1013730,1149340.0,version
1013731,1149341.0,version
1013732,1149342.0,version
1013733,1149343.0,version
1013734,1149344.0,version
1013735,1149345.0,version
1013736,1149346.0,version
1013737,1149347.0,version
1013738,1149348.0,version
1013739,1149349.0,version
1013740,1149350.0,version
1013741,1149351.0,version
1013742,1149352.0,version
1013743,1149353.0,version
1013744,1149354.0,version
1013745,1149355.0,version
1013746,1149356.0,version
1013748,1149357.0,version
1013749,1149358.0,version
1015611,1010816.0,version
1015616,1010817.0,version
1015618,1149359.0,version
1015619,1149360.0,version
1015620,1055214.0,version
1018387,1010818.0,version
1018458,1055216.0,version
1018459,1121427.0,version
1018460,1149363.0,version
1018461,1149364.0,version
1018462,1149365.0,version
1018464,1149367.0,version
1018465,1149368.0,version
1018466,1149369.0,version
1018467,1149370.0,version
1018469,1149372.0,version
1018470,1149373.0,version
1018471,1149374.0,version
1018472,1149376.0,version
1018473,1121430.0,version
1018474,1149378.0,version
1018475,1149379.0,version
1018477,1149381.0,version
1018478,1121431.0,version
1018481,1149384.0,version
1018482,1149385.0,version
1018483,1010822.0,version
1018484,1121432.0,version
1018485,1010823.0,version
1018486,1010824.0,version
1018487,1121433.0,version
1018488,1010826.0,version
1018489,1010829.0,version
1018490,1010830.0,version
1018491,1010831.0,version
1018492,1010832.0,version
1018493,1198824.0,version
1018494,1010833.0,version
1018496,1010834.0,version
1018500,1010835.0,version
1018501,1010836.0,version
1018502,1010837.0,version
1018503,1010838.0,version
1018504,1010839.0,version
1018505,1010840.0,version
1018506,1010841.0,version
1018507,1010842.0,version
1018508,1010843.0,version
1018509,1010844.0,version
1018510,1010845.0,version
1018511,1010846.0,version
1018512,1010847.0,version
1018513,1010848.0,version
1018514,1010849.0,version
1018515,1149366.0,version
1018516,1010850.0,version
1018517,1010851.0,version
1018518,1010852.0,version
1018519,1010853.0,version
1018520,1010854.0,version
1018521,1010855.0,version
1018522,1149755.0,version
1018523,1010856.0,version
1018524,1010857.0,version
1018525,1010858.0,version
1018526,1010859.0,version
1018528,1010861.0,version
1018529,1010862.0,version
1018530,1010863.0,version
1018534,1010867.0,version
1018535,1010868.0,version
1018537,1010870.0,version
1018538,1010872.0,version
1018540,1010874.0,version
1018541,1010875.0,version
1018542,1010876.0,version
1018543,1010877.0,version
1103214,1010879.0,version
1019423,1010880.0,version
1020673,1010881.0,version
1020674,1010882.0,version
1020675,1010883.0,version
1021041,1010888.0,version
1021042,1010889.0,version
1021044,1010891.0,version
1021048,1100113.0,version
1021049,1100114.0,version
1021051,1100119.0,version
1021052,1100116.0,version
1021053,1100120.0,version
1021054,1100118.0,version
1021055,1100122.0,version
1021056,1100121.0,version
1021078,1010898.0,version
1021083,1010899.0,version
1021093,1010901.0,version
1021098,1010902.0,version
1021110,1010903.0,version
1021111,1010904.0,version
1021798,1037017.0,version
1021800,1037018.0,version
1021801,1037019.0,version
1021802,1037020.0,version
1021803,1037021.0,version
1021804,1037022.0,version
1021805,1037023.0,version
1021806,1037024.0,version
1021807,1037025.0,version
1021808,1037026.0,version
1021810,1037027.0,version
1021821,1252579.0,version
1021822,1252580.0,version
1021824,1252583.0,version
1021837,1325916.0,version
1021848,1252896.0,version
1021849,1252899.0,version
1021850,1252901.0,version
1072197,1253191.0,version
1094600,1253195.0,version
1094601,1253196.0,version
1094602,1253197.0,version
1094603,1253198.0,version
1134085,1253251.0,version
1022777,1253254.0,version
1022798,1253266.0,version
1022799,1253267.0,version
1022802,1253270.0,version
1022803,1253314.0,version
1022819,1253320.0,version
1022821,1253322.0,version
1022822,1253323.0,version
1022823,1253324.0,version
1022824,1253325.0,version
1022825,1327508.0,version
1022826,1253326.0,version
1022827,1253327.0,version
1022829,1253329.0,version
1022830,1253333.0,version
1022832,1253335.0,version
1022833,1253336.0,version
1022839,1253342.0,version
1022841,1253344.0,version
1022842,1253345.0,version
1022843,1253346.0,version
1022844,1253347.0,version
1022845,1151308.0,version
1022847,1151310.0,version
1022848,1151311.0,version
1022850,1327516.0,version
1022851,1253348.0,version
1022852,1253349.0,version
1022853,1253350.0,version
1022854,1253351.0,version
1022855,1327517.0,version
1022858,1253355.0,version
1022860,1327518.0,version
1022862,1081890.0,version
1022865,1081892.0,version
1022867,1081875.0,version
1022871,1081898.0,version
1022872,1253438.0,version
1022873,1253439.0,version
1022875,1081899.0,version
1022880,1081878.0,version
1022881,1189356.0,version
1022886,1189358.0,version
1022891,1253536.0,version
1022893,1253539.0,version
1022894,1253540.0,version
1067193,1253665.0,version
1067194,1081920.0,version
1067197,1081928.0,version
1067198,1081880.0,version
1067199,1081930.0,version
1067200,1081932.0,version
1072199,1081934.0,version
1072200,1081936.0,version
1078022,1081937.0,version
1134086,1081938.0,version
1134087,1081939.0,version
1165090,1081941.0,version
1165972,1081943.0,version
1218225,1253819.0,version
1218226,1253820.0,version
1248476,1253822.0,version
1248477,1253823.0,version
1248478,1253824.0,version
1252635,1253825.0,version
1258979,1253828.0,version
1258980,1253829.0,version
1258982,1253831.0,version
1258983,1253832.0,version
1258985,1253833.0,version
1100072,1253866.0,version
1025671,1253870.0,version
1254269,1253873.0,version
1026659,1253875.0,version
1026660,1253876.0,version
1026662,1253878.0,version
1026664,1253879.0,version
1027061,1306272.0,version
1027062,1306273.0,version
1027063,1306276.0,version
1028461,1152085.0,version
1028463,1152087.0,version
1028464,1152088.0,version
1028465,1152089.0,version
1028466,1152090.0,version
1028467,1152091.0,version
1028468,1152092.0,version
1029391,1057045.0,version
1029392,1057046.0,version
1029393,1057047.0,version
1029394,1152093.0,version
1029395,1152097.0,version
1029396,1152094.0,version
1029678,1152095.0,version
1029788,1152096.0,version
1029791,1189438.0,version
1029793,1189439.0,version
1031715,1102520.0,version
1031806,1152176.0,version
1031807,1152171.0,version
1034671,1152172.0,version
1034672,1152173.0,version
1034673,1152174.0,version
1034674,1152175.0,version
1034676,1152178.0,version
1034677,1152179.0,version
1034678,1152180.0,version
1034679,1152181.0,version
1034680,1152182.0,version
1034681,1152183.0,version
1034682,1152184.0,version
1034683,1152185.0,version
1034684,1152186.0,version
1034686,1152188.0,version
1034688,1152190.0,version
1034689,1152191.0,version
1034690,1152192.0,version
1034695,1254253.0,version
1034698,1254254.0,version
1034702,1254255.0,version
1034703,1254256.0,version
1034704,1254259.0,version
1034707,1254262.0,version
1035591,1254264.0,version
1035592,1254267.0,version
1035595,1254275.0,version
1035597,1254282.0,version
1035608,1254492.0,version
1035615,1254498.0,version
1035617,1254499.0,version
1124316,1254503.0,version
1042752,1254505.0,version
1049740,1254611.0,version
1049741,1254911.0,version
1049742,1254912.0,version
1049743,1254913.0,version
1049745,1254914.0,version
1049746,1254915.0,version
1049747,1254955.0,version
1050509,1254956.0,version
1050511,1254957.0,version
1050515,1254964.0,version
1050517,1254988.0,version
1050518,1255060.0,version
1050526,1057660.0,version
1050527,1057661.0,version
1050618,1057670.0,version
1050627,1307965.0,version
1050628,1307966.0,version
1050879,1081955.0,version
1050881,1153002.0,version
1050882,1081952.0,version
1050883,1081953.0,version
1052036,1471561.0,version
1052053,1166766.0,version
1052054,1255119.0,version
1052055,1255120.0,version
1052056,1255121.0,version
1052057,1255122.0,version
1052059,1166767.0,version
1052061,1255225.0,version
1052062,1255226.0,version
1052063,1255228.0,version
1052065,1255256.0,version
1052068,1255263.0,version
1052069,1255266.0,version
1052070,1255269.0,version
1052071,1255272.0,version
1052072,1255277.0,version
1052074,1255284.0,version
1052076,1166769.0,version
1052077,1366581.0,version
1055190,1255933.0,version
1055191,1255934.0,version
1055195,1025586.0,version
1055196,1025587.0,version
1055205,1154420.0,version
1055206,1154653.0,version
1055207,1154654.0,version
1055208,1154655.0,version
1055214,1154656.0,version
1055215,1154657.0,version
1055216,1154658.0,version
1056514,1154659.0,version
1056515,1154660.0,version
1065566,1155646.0,version
1065577,1420665.0,version
1078944,1312252.0,version
1078945,1312253.0,version
1078946,1312254.0,version
1078947,1312255.0,version
1078948,1312256.0,version
1078949,1312257.0,version
1078950,1312258.0,version
1078951,1312259.0,version
1078952,1312260.0,version
1078953,1312261.0,version
1078954,1312262.0,version
1078955,1312263.0,version
1078956,1312264.0,version
1078957,1312265.0,version
1078958,1312266.0,version
1078959,1312267.0,version
1078960,1312268.0,version
1080054,1312269.0,version
1080055,1312270.0,version
1080056,1312271.0,version
1080057,1312272.0,version
1080058,1312273.0,version
1080059,1312274.0,version
1080060,1312275.0,version
1080061,1312276.0,version
1080062,1312277.0,version
1080063,1312278.0,version
1080064,1312279.0,version
1080065,1312280.0,version
1080066,1312281.0,version
1080067,1312282.0,version
1083065,1312283.0,version
1083066,1312284.0,version
1083067,1312285.0,version
1083068,1312286.0,version
1097207,1253259.0,version
1097208,1253262.0,version
1097209,1253264.0,version
1099672,1106394.0,version
1099673,1027154.0,version
1099674,1421077.0,version
1099675,1421078.0,version
1099677,1421080.0,version
1099678,1421081.0,version
1099679,1421082.0,version
1099680,1421083.0,version
1099681,1421084.0,version
1099683,1421086.0,version
1099685,1421088.0,version
1099686,1421089.0,version
1099687,1421090.0,version
1099691,1106494.0,version
1099693,1421092.0,version
1099694,1421094.0,version
1099696,1421096.0,version
1099700,1421100.0,version
1099701,1421101.0,version
1099702,1421102.0,version
1099703,1421103.0,version
1099704,1421104.0,version
1099705,1421106.0,version
1099706,1421107.0,version
1099707,1421108.0,version
1099708,1421109.0,version
1099709,1421110.0,version
1099710,1421111.0,version
1099711,1421112.0,version
1099712,1421113.0,version
1099713,1421114.0,version
1099714,1421115.0,version
1099715,1421116.0,version
1099716,1421117.0,version
1099717,1421118.0,version
1099718,1421119.0,version
1119213,1421120.0,version
1119214,1421121.0,version
1119215,1421122.0,version
1119216,1421123.0,version
1119217,1421124.0,version
1119218,1421125.0,version
1119220,1421126.0,version
1119221,1421127.0,version
1119225,1421128.0,version
1119226,1421129.0,version
1119227,1421130.0,version
1119228,1421131.0,version
1119229,1421132.0,version
1119230,1421133.0,version
1119231,1421135.0,version
1119232,1421137.0,version
1119233,1421138.0,version
1119234,1421139.0,version
1119235,1421140.0,version
1119236,1421141.0,version
1119237,1421142.0,version
1119238,1421143.0,version
1119239,1421144.0,version
1119240,1421145.0,version
1119241,1421146.0,version
1119242,1421147.0,version
1119243,1421148.0,version
1119244,1421149.0,version
1119245,1421150.0,version
1119246,1421151.0,version
1119247,1421152.0,version
1119248,1421153.0,version
1129056,1421154.0,version
1129057,1421155.0,version
1159913,1421156.0,version
1159914,1421157.0,version
1192015,1421158.0,version
1192016,1421159.0,version
1099930,1421160.0,version
1099931,1421161.0,version
1099932,1421162.0,version
1099933,1421163.0,version
1099934,1421164.0,version
1099935,1421165.0,version
1100983,1421166.0,version
1100984,1421167.0,version
1100985,1421168.0,version
1100986,1421169.0,version
1100987,1421170.0,version
1100988,1421171.0,version
1100989,1421173.0,version
1100990,1421174.0,version
1100991,1421175.0,version
1100992,1421176.0,version
1100993,1421177.0,version
1100994,1421178.0,version
1100995,1421179.0,version
1100996,1421180.0,version
1130943,1421181.0,version
1130944,1421183.0,version
1130945,1421184.0,version
1130946,1421185.0,version
1130947,1421186.0,version
1130948,1421187.0,version
1130949,1421188.0,version
1130950,1421189.0,version
1130951,1421190.0,version
1130952,1421191.0,version
1130953,1421192.0,version
1130954,1421193.0,version
1130955,1421194.0,version
1130956,1421195.0,version
1130957,1421196.0,version
1130958,1421197.0,version
1130959,1421198.0,version
1130960,1421199.0,version
1130961,1421200.0,version
1130969,1421201.0,version
1130970,1421202.0,version
1130971,1421203.0,version
1130972,1421204.0,version
1130973,1421205.0,version
1130974,1421206.0,version
1130975,1421207.0,version
1130976,1421208.0,version
1130977,1421209.0,version
1130978,1421210.0,version
1130979,1421211.0,version
1130980,1421212.0,version
1130981,1421213.0,version
1130982,1421214.0,version
1130983,1421215.0,version
1130984,1421216.0,version
1130985,1421217.0,version
1130986,1421218.0,version
1130987,1421219.0,version
1130988,1421220.0,version
1140034,1027353.0,version
1140035,1027354.0,version
1140036,1421222.0,version
1140037,1421223.0,version
1140308,1421226.0,version
1140309,1421236.0,version
1140310,1421237.0,version
1140311,1421229.0,version
1140312,1421230.0,version
1140313,1421231.0,version
1140314,1421232.0,version
1140315,1421233.0,version
1140316,1421234.0,version
1159971,1421235.0,version
1145118,1421238.0,version
1145119,1421239.0,version
1146591,1421240.0,version
1146592,1421241.0,version
1146593,1421242.0,version
1146594,1421243.0,version
1146595,1421244.0,version
1146596,1421245.0,version
1146597,1421246.0,version
1152657,1421247.0,version
1165907,1106664.0,version
1165920,1106677.0,version
1165925,1106682.0,version
1165942,1106699.0,version
1165943,1106700.0,version
1165950,1106707.0,version
1165951,1106708.0,version
1165952,1106709.0,version
1179900,1222116.0,version
1179903,1222130.0,version
1179904,1222143.0,version
1182680,1222145.0,version
1182681,1222146.0,version
1182682,1222147.0,version
1182692,1231922.0,version
1182694,1222239.0,version
1182695,1222242.0,version
1220684,1222252.0,version
1229364,1222259.0,version
1229366,1222260.0,version
1229367,1222261.0,version
1229368,1222262.0,version
1229369,1222263.0,version
1229370,1222288.0,version
1229371,1222289.0,version
1229372,1222290.0,version
1236294,1222291.0,version
1236297,1222294.0,version
1236298,1222295.0,version
1236300,1222297.0,version
1263641,1222300.0,version
1263642,1222301.0,version
1263643,1475731.0,version
1263644,1475732.0,version
1263645,1475733.0,version
1271592,1475734.0,version
1271593,1475735.0,version
1271594,1475736.0,version
1271595,1475737.0,version
1271596,1475738.0,version
1271597,1475739.0,version
1271598,1475740.0,version
1292895,1475741.0,version
1292896,1475742.0,version
1292897,1222303.0,version
1292898,1222304.0,version
1292899,1222305.0,version
1292900,1222306.0,version
1303766,1222307.0,version
1303767,1222308.0,version
1303769,1222310.0,version
1303770,1222311.0,version
1303773,1222345.0,version
1303774,1222346.0,version
1306785,1232006.0,version
1306786,1157398.0,version
1306788,1157400.0,version
1306789,1157401.0,version
1306790,1028030.0,version
1000059,1060847.0,version
1000060,1060848.0,version
1000061,1060849.0,version
1000062,1060850.0,version
1000063,1060851.0,version
1000064,1060852.0,version
1000065,1060853.0,version
1000066,1060854.0,version
1000067,1060855.0,version
1000068,1060856.0,version
1000069,1060857.0,version
1000070,1060858.0,version
1000071,1060859.0,version
1000072,1060860.0,version
1000073,1060861.0,version
1000074,1060862.0,version
1000075,1060863.0,version
1000076,1060864.0,version
1000077,1060865.0,version
1000078,1060866.0,version
1000079,1060867.0,version
1000080,1060868.0,version
1000081,1060869.0,version
1000082,1060870.0,version
1000083,1060871.0,version
1000084,1060872.0,version
1000085,1060873.0,version
1007537,1060874.0,version
1011983,1018456.0,version
1012152,1060875.0,version
1013958,1060876.0,version
1013959,1060877.0,version
1013960,1060878.0,version
1013961,1060879.0,version
1013962,1060880.0,version
1013963,1060881.0,version
1013964,1260669.0,version
1013965,1260670.0,version
1013967,1108340.0,version
1061745,1232198.0,version
1061747,1232199.0,version
1061749,1232200.0,version
1061751,1232201.0,version
1061753,1232203.0,version
1061755,1232202.0,version
1061757,1232204.0,version
1061783,1073515.0,version
1061784,1109117.0,version
1061786,1109124.0,version
1061787,1109125.0,version
1061789,1109130.0,version
1000082,1028771.0,version
1000084,1028773.0,version
1000085,1028774.0,version
1000720,1028788.0,version
1000727,1028795.0,version
1000732,1028800.0,version
1000733,1028801.0,version
1000734,1028802.0,version
1000735,1028803.0,version
1000738,1028806.0,version
1000739,1028807.0,version
1000743,1028811.0,version
1000746,1028814.0,version
1000759,1028827.0,version
1000760,1028828.0,version
1000761,1028829.0,version
1000762,1028830.0,version
1000763,1028831.0,version
1001464,1028840.0,version
1011604,1028842.0,version
1011983,1028843.0,version
1012272,1028844.0,version
1012273,1028845.0,version
1012285,1028857.0,version
1012322,1061664.0,version
1012337,1028909.0,version
1012353,1028925.0,version
1012354,1028926.0,version
1092690,1028928.0,version
1017967,1028930.0,version
1017970,1028933.0,version
1017971,1028934.0,version
1017972,1028935.0,version
1017975,1028939.0,version
1017976,1028940.0,version
1017977,1028941.0,version
1017978,1028942.0,version
1017979,1028943.0,version
1018851,1028944.0,version
1019817,1028966.0,version
1019818,1061744.0,version
1019819,1061745.0,version
1019820,1061746.0,version
1019823,1061749.0,version
1021183,1061750.0,version
1021184,1061751.0,version
1021185,1061752.0,version
1021186,1061753.0,version
1021187,1061754.0,version
1021188,1061755.0,version
1021189,1061756.0,version
1021190,1061757.0,version
1021191,1061758.0,version
1021192,1061759.0,version
1021193,1061760.0,version
1021194,1061761.0,version
1021195,1061762.0,version
1021196,1061763.0,version
1021197,1061764.0,version
1021198,1061765.0,version
1021199,1061766.0,version
1021200,1061767.0,version
1021770,1061768.0,version
1021896,1061769.0,version
1021897,1061770.0,version
1021898,1061771.0,version
1021899,1061772.0,version
1021900,1061773.0,version
1021901,1061774.0,version
1021902,1061775.0,version
1030243,1061776.0,version
1030244,1061777.0,version
1030245,1061778.0,version
1030246,1061779.0,version
1030247,1061780.0,version
1030249,1061782.0,version
1030250,1061783.0,version
1030251,1061784.0,version
1030252,1061785.0,version
1030253,1061786.0,version
1030254,1061787.0,version
1030255,1061788.0,version
1030256,1061789.0,version
1030257,1061790.0,version
1030258,1061791.0,version
1030265,1478000.0,version
1030266,1478001.0,version
1030267,1478002.0,version
1030268,1478003.0,version
1030269,1478004.0,version
1030270,1478005.0,version
1030271,1478006.0,version
1030272,1478007.0,version
1030273,1478008.0,version
1030274,1478009.0,version
1030275,1478010.0,version
1030276,1478011.0,version
1030277,1478012.0,version
1030278,1478013.0,version
1030279,1478014.0,version
1030280,1478015.0,version
1030282,1109851.0,version
1030283,1109852.0,version
1030284,1123347.0,version
1030291,1424164.0,version
1030307,1317731.0,version
1030309,1317733.0,version
1030310,1317734.0,version
1030311,1317735.0,version
1030312,1317736.0,version
1030313,1317737.0,version
1030319,1317743.0,version
1030320,1317744.0,version
1030321,1317745.0,version
1030322,1317746.0,version
1030324,1317748.0,version
1030325,1317749.0,version
1030327,1317751.0,version
1030328,1317752.0,version
1030330,1317754.0,version
1030331,1317755.0,version
1030334,1317758.0,version
1030335,1317759.0,version
1030337,1317761.0,version
1030338,1317762.0,version
1030339,1317763.0,version
1030341,1317765.0,version
1030342,1317766.0,version
1030343,1317767.0,version
1030344,1317768.0,version
1030345,1317769.0,version
1030346,1317770.0,version
1153593,1317772.0,version
1174682,1317774.0,version
1037813,1029678.0,version
1037830,1254250.0,version
1037832,1111352.0,version
1037833,1111353.0,version
1037834,1111354.0,version
1037835,1111355.0,version
1037836,1111356.0,version
1037837,1111357.0,version
1037838,1111358.0,version
1037839,1111359.0,version
1037840,1149362.0,version
1037842,1030244.0,version
1037843,1030245.0,version
1037845,1030247.0,version
1037847,1030249.0,version
1037848,1030250.0,version
1037849,1030251.0,version
1037852,1030254.0,version
1037858,1030260.0,version
1037861,1030263.0,version
1037863,1030265.0,version
1037864,1030266.0,version
1037866,1030268.0,version
1037867,1030269.0,version
1037868,1030270.0,version
1037869,1030271.0,version
1037870,1373374.0,version
1037871,1373375.0,version
1037872,1373376.0,version
1037873,1373377.0,version
1037874,1373378.0,version
1037875,1373379.0,version
1037876,1373380.0,version
1037877,1373381.0,version
1037878,1373382.0,version
1037880,1373384.0,version
1037881,1373385.0,version
1037882,1373386.0,version
1037883,1030276.0,version
1037884,1030277.0,version
1037887,1030280.0,version
1083795,1030282.0,version
1083809,1030283.0,version
1083810,1030284.0,version
1133770,1030285.0,version
1045197,1030286.0,version
1045202,1030291.0,version
1045203,1030292.0,version
1045204,1030293.0,version
1045207,1030296.0,version
1045208,1030298.0,version
1045209,1030299.0,version
1045210,1030300.0,version
1045212,1030303.0,version
1045213,1030304.0,version
1045214,1030312.0,version
1045215,1030305.0,version
1045217,1030308.0,version
1045218,1030309.0,version
1045220,1030310.0,version
1045221,1030311.0,version
1150609,1030313.0,version
1150611,1030322.0,version
1150612,1030315.0,version
1045822,1030319.0,version
1045823,1030320.0,version
1045824,1030321.0,version
1045825,1030323.0,version
1045826,1030324.0,version
1045828,1030326.0,version
1045830,1030330.0,version
1045832,1030336.0,version
1045833,1030337.0,version
1045834,1030338.0,version
1045835,1030339.0,version
1045837,1030341.0,version
1045838,1030342.0,version
1045839,1030343.0,version
1045840,1030344.0,version
1045841,1030345.0,version
1045842,1030346.0,version
1045853,1211249.0,version
1045854,1211250.0,version
1045855,1211251.0,version
1045857,1211253.0,version
1045859,1149371.0,version
1045860,1211255.0,version
1045861,1211256.0,version
1045862,1211257.0,version
1045863,1211258.0,version
1045864,1211259.0,version
1045865,1211260.0,version
1045866,1211261.0,version
1045867,1211262.0,version
1045868,1211263.0,version
1045869,1211264.0,version
1045870,1211265.0,version
1045879,1160894.0,version
1045880,1160895.0,version
1045882,1160897.0,version
1045883,1160898.0,version
1045884,1160899.0,version
1045885,1160900.0,version
1045886,1160901.0,version
1045887,1160902.0,version
1045888,1160903.0,version
1045889,1160904.0,version
1045890,1160905.0,version
1045891,1160906.0,version
1045892,1160907.0,version
1045894,1160910.0,version
1213967,1160911.0,version
1213968,1160912.0,version
1213969,1160914.0,version
1213970,1160915.0,version
1289347,1160916.0,version
1289348,1160917.0,version
1289349,1160918.0,version
1289350,1160919.0,version
1289351,1160920.0,version
1289352,1160921.0,version
1289353,1160922.0,version
1289354,1160923.0,version
1289355,1160924.0,version
1289356,1160925.0,version
1289357,1160926.0,version
1289358,1160927.0,version
1289359,1160928.0,version
1289360,1160929.0,version
1289368,1160930.0,version
1289372,1160931.0,version
1289373,1160932.0,version
1289374,1160933.0,version
1289375,1160934.0,version
1289376,1160935.0,version
1289377,1160936.0,version
1289378,1160937.0,version
1289379,1160938.0,version
1289380,1160939.0,version
1289381,1160940.0,version
1289382,1160941.0,version
1289383,1160942.0,version
1289384,1160943.0,version
1289385,1160944.0,version
1289386,1160945.0,version
1289387,1160946.0,version
1289388,1160947.0,version
1289389,1160948.0,version
1289390,1160949.0,version
1289391,1160950.0,version
1289392,1160951.0,version
1289395,1160954.0,version
1289396,1160955.0,version
1289397,1160956.0,version
1289398,1160957.0,version
1289399,1160958.0,version
1289400,1160959.0,version
1289401,1160960.0,version
1289402,1160961.0,version
1289403,1160962.0,version
1289404,1160963.0,version
1289405,1160964.0,version
1289406,1160965.0,version
1289407,1160966.0,version
1289408,1160967.0,version
1289409,1160968.0,version
1289410,1160969.0,version
1289411,1160970.0,version
1289412,1160971.0,version
1289413,1325917.0,version
1289414,1149377.0,version
1289415,1325918.0,version
1289416,1325919.0,version
1289418,1325920.0,version
1289419,1325931.0,version
1289420,1166768.0,version
1289421,1325932.0,version
1289422,1325934.0,version
1289426,1426705.0,version
1289429,1426706.0,version
1289430,1426707.0,version
1289431,1426708.0,version
1289432,1426709.0,version
1289433,1426710.0,version
1289436,1112705.0,version
1289438,1112708.0,version
1289439,1112709.0,version
1289441,1112711.0,version
1289443,1112713.0,version
1289447,1112717.0,version
1289448,1112718.0,version
1289449,1112719.0,version
1289451,1112722.0,version
1289453,1265479.0,version
1289454,1265480.0,version
1289455,1265481.0,version
1289456,1265482.0,version
1289457,1265483.0,version
1289458,1319803.0,version
1289459,1113293.0,version
1289460,1212901.0,version
1289461,1212902.0,version
1289462,1212903.0,version
1289463,1212904.0,version
1289464,1212905.0,version
1289467,1213120.0,version
1289468,1114106.0,version
1289487,1213221.0,version
1289489,1213223.0,version
1289492,1213226.0,version
1289493,1213227.0,version
1289494,1213228.0,version
1289495,1213229.0,version
1289496,1213230.0,version
1289501,1213253.0,version
1289513,1428310.0,version
1289514,1428311.0,version
1289515,1031806.0,version
1289516,1031807.0,version
1296714,1482985.0,version
1296715,1482988.0,version
1296716,1482992.0,version
1296717,1482995.0,version
1000072,1483071.0,version
1000073,1483072.0,version
1000074,1429448.0,version
1000075,1429449.0,version
1000081,1429455.0,version
1000082,1429456.0,version
1000083,1429457.0,version
1000084,1429458.0,version
1000085,1429459.0,version
1000707,1429461.0,version
1000708,1429460.0,version
1000711,1483523.0,version
1000712,1483524.0,version
1000713,1483525.0,version
1000714,1483526.0,version
1000715,1483527.0,version
1000716,1483528.0,version
1000717,1483529.0,version
1000718,1483530.0,version
1000719,1483531.0,version
1000720,1483532.0,version
1000721,1483533.0,version
1000722,1483534.0,version
1000723,1483535.0,version
1000724,1483536.0,version
1000725,1483537.0,version
1000726,1483538.0,version
1000727,1483539.0,version
1000728,1483540.0,version
1000729,1483541.0,version
1000730,1483542.0,version
1000731,1483543.0,version
1000732,1483544.0,version
1000733,1377006.0,version
1000734,1377016.0,version
1000735,1164715.0,version
1007825,1322607.0,version
1007826,1322608.0,version
1007835,1322617.0,version
1007836,1322618.0,version
1007837,1322619.0,version
1007838,1000001.0,version
1007839,1000002.0,version
1007840,1000003.0,version
1007841,1000004.0,version
1007842,1000005.0,version
1007843,1000006.0,version
1007844,1000007.0,version
1007845,1000008.0,version
1007846,1000010.0,version
1007847,1000011.0,version
1007848,1000012.0,version
1007849,1000013.0,version
1007850,1000014.0,version
1007851,1000015.0,version
1007852,1000016.0,version
1007853,1000017.0,version
1007854,1000018.0,version
1007855,1000019.0,version
1007856,1000020.0,version
1007857,1000021.0,version
1007858,1000022.0,version
1007859,1000023.0,version
1007860,1000024.0,version
1007861,1000025.0,version
1007862,1000026.0,version
1007863,1000027.0,version
1007864,1000028.0,version
1007865,1000029.0,version
1007866,1000030.0,version
1007867,1000031.0,version
1007868,1000032.0,version
1007869,1000033.0,version
1007870,1000034.0,version
1007871,1000035.0,version
1007872,1000036.0,version
1007873,1000037.0,version
1007888,1215366.0,version
1007889,1215367.0,version
1007890,1215368.0,version
1007891,1215369.0,version
1007892,1215370.0,version
1007893,1215371.0,version
1007894,1215372.0,version
1007896,1215374.0,version
1007897,1215375.0,version
1007898,1215376.0,version
1007899,1215377.0,version
1007900,1215378.0,version
1007901,1215379.0,version
1010822,1000072.0,version
1010823,1000073.0,version
1010824,1000075.0,version
1010825,1000076.0,version
1010826,1000077.0,version
1010827,1000078.0,version
1010828,1000080.0,version
1010829,1000081.0,version
1010830,1000082.0,version
1010831,1000083.0,version
1010832,1000085.0,version
1010833,1000084.0,version
1010885,1032911.0,version
1010962,1322932.0,version
1010963,1322933.0,version
1010964,1322934.0,version
1010965,1322935.0,version
1149870,1485052.0,version
1149871,1485053.0,version
1149872,1485054.0,version
1149873,1485055.0,version
1149874,1485056.0,version
1149875,1485057.0,version
1149876,1485058.0,version
1041020,1485059.0,version
1041021,1485060.0,version
1041022,1485061.0,version
1041023,1485062.0,version
1041024,1485063.0,version
1041025,1485064.0,version
1041026,1485065.0,version
1041049,1165625.0,version
1041050,1165626.0,version
1041053,1117888.0,version
1203704,1000707.0,version
1203707,1000708.0,version
1203708,1000709.0,version
1203712,1000710.0,version
1203726,1000711.0,version
1203727,1000712.0,version
1203728,1000713.0,version
1203729,1000714.0,version
1203730,1000715.0,version
1203731,1000716.0,version
1203732,1000717.0,version
1203733,1000718.0,version
1203734,1000719.0,version
1203735,1000720.0,version
1203736,1000721.0,version
1203737,1000722.0,version
1203738,1000723.0,version
1203739,1000724.0,version
1203740,1000725.0,version
1203741,1000726.0,version
1203742,1000727.0,version
1203743,1000728.0,version
1203753,1000729.0,version
1203755,1000730.0,version
1203756,1000731.0,version
1203757,1000732.0,version
1203758,1000733.0,version
1203759,1000734.0,version
1203760,1000735.0,version
1203761,1000736.0,version
1203762,1000737.0,version
1203763,1000738.0,version
1203764,1000739.0,version
1203765,1000740.0,version
1203767,1000741.0,version
1203770,1000742.0,version
1203774,1000743.0,version
1203775,1000744.0,version
1203777,1000745.0,version
1203779,1000746.0,version
1203780,1000747.0,version
1203781,1000748.0,version
1203783,1000749.0,version
1203785,1000750.0,version
1203787,1000751.0,version
1203793,1000752.0,version
1203794,1000753.0,version
1203795,1000754.0,version
1203796,1000755.0,version
1203799,1000756.0,version
1203800,1000757.0,version
1203806,1000758.0,version
1203807,1000759.0,version
1203808,1000760.0,version
1203809,1000761.0,version
1203811,1000762.0,version
1203813,1000763.0,version
1203814,1000764.0,version
1203818,1000765.0,version
1203819,1000766.0,version
1203822,1000767.0,version
1203823,1000768.0,version
1203824,1458630.0,version
1203825,1458631.0,version
1203826,1458632.0,version
1203827,1458633.0,version
1203828,1458634.0,version
1203829,1458635.0,version
1203830,1458636.0,version
1203831,1458637.0,version
1203832,1458638.0,version
1203833,1458639.0,version
1203841,1066790.0,version
1203842,1066791.0,version
1203843,1066792.0,version
1203844,1066794.0,version
1203845,1066795.0,version
1203846,1066796.0,version
1203847,1066798.0,version
1203857,1000074.0,version
1203863,1066801.0,version
1203864,1066802.0,version
1203866,1117596.0,version
1203876,1000079.0,version
1232512,1013119.0,version
1232513,1013120.0,version
1232514,1013121.0,version
1232515,1013122.0,version
1232518,1117890.0,version
1232616,1001461.0,version
1232617,1001462.0,version
1232618,1001463.0,version
1232619,1001464.0,version
1232620,1001465.0,version
1232621,1001466.0,version
1232622,1001467.0,version
1232625,1118021.0,version
1232627,1379466.0,version
1250430,1379467.0,version
1250431,1379468.0,version
1250432,1379469.0,version
1250433,1379470.0,version
1250434,1379471.0,version
1250435,1379472.0,version
1250436,1155343.0,version
1250437,1155344.0,version
1250442,1118177.0,version
1250447,1118182.0,version
1337180,1296550.0,version
1337181,1296552.0,version
1000078,1296863.0,version
1000081,1296866.0,version
1000082,1296868.0,version
1000083,1297029.0,version
1000711,1297060.0,version
1000712,1297061.0,version
1000714,1487118.0,version
1000715,1487122.0,version
1000716,1487123.0,version
1000717,1487127.0,version
1000718,1487131.0,version
1000719,1487135.0,version
1000720,1487139.0,version
1000721,1487142.0,version
1000722,1487145.0,version
1000723,1487149.0,version
1000724,1487151.0,version
1000726,1487154.0,version
1000729,1118328.0,version
1000734,1433093.0,version
1000735,1433094.0,version
1000736,1433095.0,version
1000737,1433096.0,version
1000738,1433097.0,version
1000739,1433098.0,version
1000740,1433099.0,version
1000741,1001818.0,version
1000742,1001819.0,version
1000743,1001820.0,version
1000744,1001821.0,version
1000745,1001822.0,version
1000746,1001823.0,version
1000747,1001824.0,version
1000748,1001825.0,version
1000749,1001826.0,version
1000750,1001827.0,version
1000751,1001828.0,version
1007840,1167759.0,version
1007841,1167783.0,version
1007842,1167870.0,version
1007843,1167872.0,version
1007844,1167873.0,version
1007845,1167874.0,version
1007846,1167880.0,version
1007848,1167882.0,version
1007849,1167883.0,version
1007851,1167885.0,version
1007852,1167886.0,version
1007854,1167888.0,version
1007856,1167890.0,version
1007857,1167891.0,version
1007858,1167892.0,version
1007860,1167894.0,version
1007861,1325749.0,version
1007865,1325767.0,version
1007866,1325768.0,version
1007867,1325770.0,version
1007868,1325771.0,version
1007869,1325772.0,version
1007870,1325773.0,version
1007871,1325775.0,version
1007872,1325788.0,version
1007873,1380729.0,version
1007874,1218329.0,version
1010837,1119173.0,version
1010838,1119174.0,version
1010839,1168259.0,version
1010841,1168260.0,version
1010842,1168261.0,version
1010843,1168262.0,version
1010845,1271894.0,version
1010851,1326651.0,version
1010854,1326654.0,version
1010855,1326655.0,version
1010856,1326656.0,version
1010857,1326657.0,version
1010858,1326658.0,version
1010859,1326659.0,version
1010861,1119694.0,version
1010862,1119734.0,version
1010863,1119695.0,version
1010864,1119696.0,version
1010865,1119697.0,version
1010867,1119699.0,version
1010868,1119700.0,version
1010869,1119701.0,version
1010870,1119719.0,version
1010871,1119720.0,version
1010874,1119723.0,version
1010876,1119725.0,version
1010877,1119726.0,version
1010878,1119727.0,version
1010879,1119728.0,version
1010880,1119729.0,version
1010881,1119730.0,version
1010882,1119731.0,version
1010883,1119732.0,version
1010884,1119733.0,version
1010885,1119758.0,version
1010900,1119884.0,version
1010974,1327466.0,version
1010975,1327467.0,version
1010976,1327675.0,version
1010977,1327468.0,version
1010978,1327469.0,version
1010979,1327470.0,version
1010980,1327471.0,version
1010981,1327472.0,version
1010982,1327473.0,version
1010983,1327474.0,version
1010984,1327475.0,version
1010985,1327476.0,version
1010986,1327477.0,version
1010987,1327478.0,version
1010988,1327479.0,version
1010989,1327480.0,version
1010990,1327481.0,version
1010991,1327482.0,version
1010992,1327483.0,version
1010993,1327485.0,version
1010994,1327486.0,version
1012152,1327487.0,version
1012783,1327488.0,version
1012784,1327489.0,version
1012790,1327490.0,version
1012791,1327491.0,version
1013958,1327492.0,version
1013959,1327493.0,version
1013960,1327494.0,version
1013961,1327495.0,version
1013962,1327496.0,version
1013963,1327497.0,version
1013964,1327499.0,version
1013965,1327500.0,version
1013966,1327503.0,version
1013967,1327504.0,version
1013968,1327506.0,version
1013970,1327510.0,version
1013971,1327511.0,version
1013972,1327513.0,version
1013973,1327515.0,version
1014629,1327532.0,version
1014630,1327534.0,version
1014631,1327535.0,version
1014632,1327536.0,version
1014633,1327537.0,version
1014634,1327538.0,version
1014635,1327540.0,version
1014636,1327542.0,version
1014637,1327543.0,version
1014638,1327544.0,version
1014639,1327550.0,version
1014640,1327555.0,version
1014641,1327560.0,version
1014642,1327564.0,version
1014644,1327569.0,version
1015124,1327570.0,version
1018786,1327572.0,version
1020901,1327579.0,version
1021770,1327581.0,version
1041020,1327582.0,version
1041021,1327585.0,version
1041022,1327587.0,version
1041023,1327589.0,version
1041024,1327590.0,version
1041025,1327591.0,version
1041026,1327592.0,version
1041027,1327594.0,version
1041028,1327595.0,version
1041029,1327596.0,version
1041030,1327599.0,version
1041031,1327601.0,version
1041032,1327604.0,version
1041033,1327614.0,version
1041034,1327616.0,version
1041035,1327618.0,version
1041036,1327619.0,version
1041037,1327620.0,version
1041038,1327623.0,version
1041039,1327625.0,version
1041040,1327626.0,version
1041041,1327628.0,version
1041042,1327629.0,version
1041043,1327630.0,version
1041044,1327632.0,version
1041045,1327633.0,version
1041046,1327634.0,version
1041047,1327668.0,version
1041048,1327669.0,version
1041049,1327670.0,version
1041050,1327671.0,version
1041051,1327672.0,version
1041052,1327673.0,version
1041053,1220742.0,version
1041054,1220743.0,version
1218821,1220744.0,version
1218822,1220745.0,version
1000074,1220749.0,version
1000078,1220753.0,version
1000083,1220758.0,version
1000708,1003665.0,version
1000709,1003666.0,version
1000710,1003667.0,version
1000711,1003668.0,version
1000712,1003669.0,version
1000713,1003670.0,version
1000714,1003671.0,version
1000715,1003672.0,version
1000716,1003673.0,version
1000717,1003674.0,version
1000718,1003675.0,version
1000720,1003677.0,version
1000721,1003678.0,version
1000722,1003679.0,version
1000724,1121396.0,version
1000726,1121398.0,version
1000727,1003680.0,version
1000728,1003681.0,version
1000729,1003682.0,version
1000730,1003683.0,version
1000731,1003688.0,version
1000732,1003689.0,version
1000734,1003691.0,version
1000735,1003692.0,version
1000736,1003693.0,version
1000737,1003694.0,version
1000738,1003695.0,version
1000739,1003696.0,version
1000740,1003697.0,version
1000741,1003698.0,version
1000742,1003699.0,version
1000745,1003702.0,version
1000746,1003703.0,version
1000747,1003704.0,version
1000748,1003705.0,version
1000749,1003706.0,version
1000750,1003707.0,version
1000751,1003708.0,version
1000752,1003709.0,version
1000753,1003710.0,version
1000754,1121434.0,version
1000755,1121435.0,version
1000758,1121438.0,version
1000761,1003711.0,version
1000762,1003712.0,version
1000763,1003713.0,version
1000764,1003714.0,version
1000765,1003715.0,version
1000766,1003716.0,version
1000767,1003717.0,version
1000768,1003718.0,version
1001461,1003719.0,version
1001462,1003720.0,version
1001463,1003721.0,version
1001464,1003722.0,version
1001465,1003723.0,version
1001466,1003724.0,version
1001467,1003725.0,version
1004886,1003726.0,version
1007825,1003727.0,version
1007826,1003728.0,version
1007827,1003729.0,version
1007828,1003730.0,version
1007829,1003731.0,version
1007830,1003732.0,version
1007831,1003733.0,version
1007832,1003734.0,version
1007833,1003735.0,version
1007834,1003736.0,version
1007835,1003737.0,version
1007836,1003738.0,version
1007837,1003739.0,version
1007838,1003740.0,version
1007839,1003741.0,version
1007840,1003742.0,version
1007841,1003743.0,version
1007842,1003744.0,version
1007843,1003745.0,version
1007844,1003746.0,version
1007845,1003747.0,version
1007846,1003748.0,version
1007847,1003749.0,version
1007848,1003750.0,version
1007849,1003751.0,version
1007850,1003752.0,version
1007851,1003753.0,version
1007852,1003761.0,version
1007853,1003762.0,version
1007854,1003754.0,version
1007855,1003755.0,version
1007856,1003756.0,version
1007858,1003758.0,version
1007859,1003759.0,version
1007860,1003760.0,version
1007861,1003763.0,version
1007862,1003764.0,version
1007863,1003765.0,version
1007864,1003766.0,version
1007865,1003767.0,version
1007866,1003768.0,version
1007867,1003769.0,version
1007868,1003770.0,version
1007869,1003771.0,version
1007870,1003772.0,version
1007871,1003773.0,version
1007879,1071225.0,version
1007880,1071227.0,version
1007881,1071228.0,version
1007883,1071233.0,version
1007900,1071258.0,version
1007901,1071260.0,version
1007902,1071287.0,version
1007903,1071289.0,version
1007904,1071333.0,version
1007905,1071290.0,version
1007906,1071291.0,version
1007907,1071292.0,version
1007908,1071294.0,version
1010816,1071295.0,version
1010817,1071296.0,version
1010818,1071297.0,version
1010819,1071299.0,version
1010820,1071301.0,version
1010821,1071302.0,version
1010822,1071304.0,version
1010823,1071314.0,version
1010824,1071315.0,version
1010825,1071317.0,version
1010826,1071319.0,version
1010827,1071320.0,version
1010828,1071322.0,version
1010829,1071323.0,version
1010830,1071325.0,version
1010831,1071326.0,version
1010832,1071327.0,version
1010833,1071328.0,version
1010834,1071329.0,version
1010835,1071330.0,version
1010836,1071331.0,version
1010837,1071332.0,version
1010838,1071334.0,version
1010839,1071335.0,version
1010840,1071336.0,version
1010841,1071337.0,version
1010842,1071340.0,version
1010843,1071341.0,version
1010844,1071342.0,version
1010845,1071344.0,version
1010846,1071357.0,version
1010849,1071360.0,version
1010867,1071378.0,version
1010875,1071386.0,version
1010885,1071396.0,version
1010886,1071397.0,version
1010887,1071398.0,version
1010888,1071399.0,version
1010891,1071403.0,version
1010893,1071402.0,version
1010896,1071408.0,version
1010898,1071411.0,version
1010901,1071414.0,version
1010917,1071469.0,version
1010920,1071484.0,version
1010925,1071489.0,version
1010927,1071491.0,version
1010929,1071493.0,version
1010943,1071510.0,version
1010964,1037014.0,version
1010965,1037015.0,version
1010973,1037016.0,version
1010974,1071594.0,version
1010979,1071614.0,version
1010982,1071617.0,version
1013958,1071633.0,version
1013973,1071648.0,version
1014633,1071663.0,version
1014635,1071665.0,version
1000715,1071736.0,version
1000719,1071740.0,version
1000722,1071743.0,version
1000723,1071757.0,version
1000726,1071760.0,version
1000727,1071761.0,version
1000729,1071763.0,version
1000732,1071766.0,version
1000733,1071767.0,version
1000737,1071771.0,version
1000747,1071782.0,version
1000750,1071785.0,version
1000752,1071787.0,version
1000756,1071791.0,version
1000759,1071794.0,version
1000764,1071799.0,version
1001466,1071809.0,version
1001467,1071810.0,version
1004886,1071811.0,version
1007854,1071843.0,version
1007855,1071844.0,version
1007856,1071845.0,version
1007857,1071846.0,version
1007858,1071847.0,version
1007859,1071848.0,version
1007860,1071851.0,version
1007861,1071852.0,version
1007862,1071853.0,version
1007863,1071854.0,version
1007864,1071855.0,version
1007865,1071856.0,version
1007866,1071857.0,version
1007867,1071858.0,version
1007906,1222690.0,version
1007907,1222701.0,version
1010817,1222708.0,version
1010821,1004886.0,version
1010822,1438526.0,version
1010823,1438528.0,version
1010824,1438531.0,version
1010868,1123204.0,version
1010874,1123216.0,version
1010876,1123218.0,version
1010883,1123309.0,version
1010889,1123325.0,version
1010993,1123531.0,version
1013967,1492328.0,version
1013968,1005283.0,version
1013969,1005284.0,version
1013970,1005285.0,version
1013971,1005286.0,version
1013972,1005287.0,version
1013973,1005288.0,version
1092690,1005289.0,version
1014620,1005290.0,version
1014621,1005291.0,version
1014622,1005292.0,version
1014623,1005293.0,version
1014624,1005294.0,version
1014625,1005295.0,version
1014626,1005296.0,version
1014627,1005297.0,version
1014638,1005308.0,version
1014639,1005309.0,version
1014640,1005310.0,version
1014641,1005311.0,version
1014642,1005312.0,version
1014643,1005313.0,version
1014644,1005314.0,version
1015124,1005315.0,version
1018786,1005316.0,version
1020901,1005317.0,version
1021770,1005318.0,version
1041020,1005319.0,version
1041021,1005320.0,version
1041022,1005321.0,version
1041023,1005322.0,version
1041024,1005323.0,version
1041025,1005324.0,version
1041026,1005325.0,version
1041027,1005326.0,version
1041028,1005327.0,version
1041029,1005328.0,version
1041030,1005329.0,version
1041031,1005330.0,version
1041032,1005331.0,version
1041034,1005333.0,version
1041035,1005334.0,version
1041036,1005335.0,version
1041037,1005336.0,version
1041038,1005337.0,version
1041039,1005338.0,version
1041040,1005339.0,version
1041046,1005345.0,version
1041047,1005346.0,version
1041048,1005347.0,version
1041049,1005348.0,version
1041050,1005349.0,version
1041051,1005350.0,version
1041052,1005351.0,version
1041053,1005352.0,version
1041054,1005353.0,version
1000072,1005354.0,version
1000073,1005355.0,version
1000074,1005356.0,version
1000075,1005357.0,version
1000076,1005358.0,version
1000077,1005359.0,version
1000078,1005360.0,version
1000079,1005361.0,version
1000081,1005363.0,version
1000082,1005364.0,version
1000083,1005365.0,version
1000084,1005366.0,version
1000085,1005367.0,version
1000707,1005368.0,version
1000708,1005369.0,version
1000709,1005370.0,version
1000710,1005371.0,version
1000711,1005372.0,version
1000712,1005373.0,version
1000713,1005374.0,version
1000714,1005375.0,version
1000715,1005376.0,version
1000716,1005377.0,version
1000718,1005379.0,version
1000719,1005380.0,version
1000720,1005381.0,version
1000721,1005382.0,version
1000722,1005383.0,version
1000723,1005384.0,version
1000724,1005385.0,version
1000725,1005386.0,version
1000726,1005387.0,version
1000727,1005388.0,version
1000728,1005389.0,version
1000729,1005390.0,version
1000730,1005391.0,version
1000734,1124476.0,version
1000735,1124477.0,version
1000736,1124478.0,version
1000745,1386503.0,version
1000746,1386504.0,version
1000747,1386513.0,version
1000748,1386514.0,version
1000749,1386515.0,version
1000750,1386516.0,version
1000751,1386536.0,version
1000752,1386543.0,version
1000753,1386546.0,version
1000754,1386554.0,version
1000755,1386555.0,version
1000756,1386556.0,version
1000757,1386557.0,version
1000758,1386566.0,version
1000759,1386587.0,version
1000760,1386588.0,version
1000761,1386589.0,version
1000763,1386654.0,version
1000764,1386655.0,version
1000765,1386656.0,version
1000766,1386658.0,version
1000767,1386659.0,version
1000768,1386660.0,version
1001461,1386661.0,version
1001462,1386664.0,version
1001463,1386666.0,version
1001464,1386667.0,version
1001465,1386669.0,version
1001466,1386670.0,version
1001467,1386671.0,version
1004886,1386672.0,version
1007825,1386673.0,version
1007826,1386674.0,version
1007827,1386675.0,version
1007828,1386724.0,version
1007829,1386725.0,version
1007831,1224524.0,version
1007852,1224691.0,version
1007883,1387101.0,version
1007884,1387103.0,version
1007885,1387107.0,version
1007886,1387119.0,version
1007887,1387120.0,version
1007888,1387123.0,version
1007889,1387124.0,version
1007890,1387125.0,version
1007891,1387126.0,version
1007892,1387127.0,version
1007893,1387128.0,version
1007894,1387129.0,version
1007895,1387130.0,version
1007896,1387131.0,version
1007897,1387132.0,version
1007898,1387170.0,version
1007899,1387171.0,version
1007900,1387172.0,version
1007901,1387173.0,version
1007902,1387174.0,version
1007903,1387175.0,version
1007904,1387176.0,version
1007905,1387177.0,version
1007906,1387178.0,version
1007907,1387179.0,version
1007908,1387181.0,version
1010816,1387182.0,version
1010817,1387183.0,version
1010818,1387292.0,version
1010819,1387293.0,version
1010820,1387294.0,version
1010821,1387295.0,version
1010822,1387297.0,version
1010823,1387299.0,version
1010824,1387180.0,version
1010825,1387202.0,version
1010826,1387215.0,version
1010828,1387312.0,version
1010829,1387313.0,version
1010830,1387315.0,version
1010831,1387317.0,version
1010832,1387319.0,version
1010833,1387321.0,version
1010834,1387323.0,version
1010835,1387326.0,version
1010836,1387329.0,version
1010837,1387331.0,version
1010838,1387344.0,version
1010839,1387346.0,version
1010840,1387347.0,version
1010841,1387348.0,version
1010842,1387349.0,version
1010843,1387350.0,version
1010844,1387351.0,version
1010845,1387352.0,version
1010846,1387353.0,version
1010847,1387354.0,version
1010848,1387356.0,version
1010849,1038939.0,version
1010851,1038941.0,version
1010852,1038942.0,version
1010853,1038943.0,version
1010854,1038944.0,version
1010855,1038945.0,version
1010856,1038946.0,version
1010857,1038947.0,version
1010858,1038948.0,version
1010859,1038949.0,version
1010860,1038950.0,version
1010861,1387360.0,version
1010862,1387367.0,version
1010863,1387368.0,version
1010864,1387369.0,version
1010865,1387370.0,version
1010867,1387372.0,version
1010868,1387374.0,version
1010877,1387421.0,version
1010880,1155348.0,version
1010881,1155349.0,version
1010882,1155350.0,version
1010883,1006245.0,version
1010884,1006246.0,version
1010885,1006247.0,version
1010886,1006248.0,version
1010891,1387899.0,version
1010892,1387902.0,version
1010893,1387903.0,version
1010923,1006504.0,version
1010924,1006505.0,version
1010925,1006506.0,version
1010926,1006507.0,version
1010927,1006508.0,version
1010928,1006509.0,version
1010929,1006510.0,version
1010930,1006511.0,version
1010936,1482955.0,version
1010937,1006701.0,version
1010938,1006702.0,version
1010939,1006703.0,version
1010940,1006704.0,version
1010941,1006705.0,version
1010942,1334451.0,version
1010943,1334452.0,version
1010944,1334453.0,version
1010945,1334454.0,version
1010946,1334455.0,version
1010947,1334456.0,version
1010948,1334457.0,version
1010950,1387357.0,version
1010951,1279179.0,version
1010952,1279180.0,version
1010953,1279181.0,version
1010954,1279183.0,version
1010955,1387358.0,version
1010956,1279185.0,version
1010957,1279186.0,version
1010958,1279187.0,version
1010959,1279189.0,version
1010961,1279193.0,version
1010962,1279195.0,version
1010963,1279197.0,version
1010964,1279200.0,version
1010965,1077141.0,version
1010966,1387359.0,version
1010967,1279202.0,version
1010968,1279204.0,version
1010969,1279205.0,version
1010970,1279207.0,version
1010971,1279209.0,version
1010972,1279212.0,version
1010973,1279213.0,version
1010974,1279214.0,version
1010975,1279216.0,version
1010976,1279218.0,version
1010977,1279219.0,version
1010978,1279221.0,version
1010979,1279222.0,version
1010981,1279226.0,version
1010982,1279228.0,version
1010983,1279229.0,version
1010984,1279232.0,version
1010985,1279234.0,version
1010986,1279235.0,version
1010987,1279238.0,version
1010989,1279241.0,version
1010990,1279243.0,version
1010991,1279245.0,version
1010992,1279248.0,version
1010993,1279250.0,version
1010994,1279252.0,version
1012152,1279253.0,version
1012784,1279257.0,version
1012791,1279261.0,version
1013958,1279262.0,version
1013959,1279264.0,version
1013960,1279265.0,version
1013961,1279266.0,version
1013962,1279267.0,version
1013963,1279268.0,version
1013964,1279269.0,version
1013965,1279271.0,version
1013967,1279277.0,version
1013968,1279278.0,version
1013969,1279281.0,version
1013970,1279282.0,version
1013971,1279285.0,version
1013972,1279287.0,version
1013973,1279289.0,version
1092690,1279291.0,version
1014620,1279292.0,version
1014621,1279294.0,version
1014622,1279295.0,version
1014623,1279298.0,version
1014624,1279299.0,version
1014625,1279302.0,version
1014626,1279303.0,version
1014627,1279304.0,version
1014628,1279305.0,version
1014629,1279306.0,version
1014630,1279307.0,version
1014631,1279308.0,version
1014632,1279310.0,version
1014633,1279311.0,version
1014634,1279313.0,version
1014635,1279314.0,version
1014636,1279316.0,version
1014637,1279318.0,version
1014638,1279321.0,version
1014639,1279322.0,version
1014640,1279327.0,version
1014641,1279329.0,version
1014642,1279330.0,version
1014643,1279331.0,version
1014644,1279334.0,version
1018786,1279338.0,version
1020901,1279340.0,version
1021770,1279344.0,version
1149870,1279364.0,version
1149871,1279365.0,version
1149872,1279366.0,version
1149873,1279369.0,version
1149874,1279371.0,version
1149875,1279373.0,version
1149876,1279374.0,version
1041020,1279375.0,version
1041021,1279376.0,version
1041022,1279377.0,version
1041023,1279378.0,version
1041024,1279379.0,version
1041025,1279381.0,version
1041026,1279382.0,version
1041027,1279383.0,version
1041028,1279384.0,version
1041029,1279385.0,version
1041030,1279386.0,version
1041031,1279387.0,version
1041032,1279388.0,version
1041033,1279389.0,version
1041034,1279390.0,version
1041035,1279391.0,version
1041036,1279392.0,version
1041037,1279393.0,version
1041038,1279395.0,version
1041039,1279396.0,version
1041040,1279398.0,version
1041041,1279400.0,version
1041042,1279402.0,version
1041043,1279404.0,version
1041044,1279406.0,version
1041045,1279408.0,version
1041046,1279409.0,version
1041047,1279410.0,version
1041048,1279411.0,version
1041049,1279412.0,version
1041050,1279413.0,version
1041051,1279414.0,version
1041052,1279415.0,version
1041053,1279416.0,version
1041054,1279417.0,version
1000140,1007506.0,version
1000141,1007507.0,version
1000142,1007508.0,version
1000143,1007509.0,version
1000144,1007510.0,version
1000145,1007511.0,version
1000146,1007512.0,version
1000147,1007513.0,version
1000148,1007514.0,version
1000149,1007515.0,version
1000150,1007516.0,version
1000156,1007522.0,version
1000163,1007537.0,version
1000164,1007868.0,version
1000165,1007870.0,version
1000168,1176025.0,version
1000169,1335697.0,version
1000170,1335698.0,version
1000171,1335699.0,version
1000172,1335700.0,version
1000173,1007825.0,version
1000174,1007826.0,version
1000175,1007827.0,version
1000176,1007828.0,version
1000177,1007829.0,version
1000178,1007830.0,version
1000179,1007831.0,version
1000180,1007832.0,version
1000181,1007833.0,version
1000182,1007834.0,version
1000183,1007835.0,version
1000184,1007836.0,version
1000185,1007837.0,version
1000186,1007838.0,version
1000187,1007839.0,version
1000188,1007840.0,version
1000189,1007841.0,version
1000190,1007842.0,version
1000191,1007843.0,version
1000192,1007844.0,version
1000193,1007845.0,version
1092887,1007846.0,version
1092888,1007847.0,version
1092889,1007848.0,version
1092890,1007849.0,version
1092899,1007854.0,version
1092984,1007856.0,version
1092985,1007857.0,version
1092986,1007858.0,version
1092987,1007859.0,version
1092988,1007860.0,version
1092989,1007861.0,version
1092990,1007862.0,version
1092991,1007863.0,version
1092992,1007864.0,version
1092993,1007865.0,version
1092994,1040634.0,version
1092995,1040635.0,version
1092997,1007869.0,version
1092999,1007871.0,version
1093000,1007872.0,version
1093001,1007873.0,version
1093002,1007874.0,version
1093003,1007875.0,version
1093004,1007876.0,version
1093005,1007877.0,version
1093006,1007878.0,version
1093007,1007879.0,version
1093008,1007880.0,version
1093009,1007881.0,version
1093010,1007882.0,version
1093011,1007883.0,version
1093012,1007884.0,version
1093013,1007885.0,version
1093014,1007886.0,version
1093015,1007887.0,version
1093016,1007888.0,version
1093017,1007889.0,version
1093018,1007890.0,version
1093019,1007891.0,version
1093020,1007892.0,version
1093021,1007893.0,version
1093022,1007894.0,version
1093023,1007895.0,version
1093024,1007896.0,version
1093025,1007897.0,version
1093026,1007898.0,version
1093027,1007899.0,version
1093028,1007900.0,version
1093029,1007901.0,version
1093030,1007902.0,version
1093031,1007903.0,version
1093032,1007904.0,version
1093033,1007905.0,version
1093034,1007906.0,version
1093035,1007907.0,version
1093036,1007908.0,version
1093037,1128297.0,version
1093038,1128298.0,version
1093039,1128299.0,version
1093040,1041020.0,version
1093042,1041021.0,version
1093043,1041022.0,version
1093044,1041023.0,version
1093045,1041024.0,version
1093046,1041025.0,version
1093047,1041026.0,version
1093048,1041027.0,version
1093049,1041028.0,version
1093829,1041029.0,version
1094016,1041030.0,version
1094168,1041031.0,version
1094298,1041032.0,version
1094299,1041033.0,version
1094300,1041034.0,version
1094697,1041035.0,version
1096304,1041036.0,version
1105921,1041037.0,version
1105922,1041038.0,version
1117524,1041039.0,version
1117525,1041040.0,version
1117526,1041041.0,version
1117527,1041042.0,version
1117528,1041043.0,version
1117529,1041044.0,version
1117530,1041045.0,version
1117531,1041046.0,version
1117532,1041047.0,version
1117533,1041048.0,version
1117534,1041049.0,version
1139667,1041051.0,version
1146195,1041052.0,version
1146196,1041053.0,version
1146198,1497801.0,version
1146199,1497802.0,version
1146200,1497803.0,version
1146201,1497804.0,version
1146202,1177512.0,version
1168113,1177513.0,version
1168114,1177514.0,version
1168115,1177515.0,version
1168116,1008585.0,version
1168117,1008586.0,version
1186367,1444531.0,version
1186368,1444532.0,version
1186369,1106496.0,version
1187026,1106497.0,version
1187029,1106498.0,version
1009320,1106499.0,version
1009322,1106501.0,version
1009327,1106506.0,version
1011620,1106508.0,version
1011621,1106509.0,version
1011622,1008827.0,version
1011623,1008828.0,version
1011624,1008829.0,version
1011625,1008830.0,version
1011626,1008831.0,version
1011627,1008832.0,version
1011628,1008833.0,version
1011629,1008834.0,version
1011630,1008835.0,version
1011631,1008836.0,version
1011632,1008837.0,version
1011633,1008838.0,version
1011634,1008839.0,version
1011635,1008840.0,version
1011636,1008841.0,version
1011637,1008842.0,version
1011638,1008843.0,version
1011639,1008844.0,version
1020078,1008845.0,version
1025613,1008846.0,version
1026592,1008847.0,version
1027122,1008848.0,version
1027123,1008849.0,version
1027124,1008850.0,version
1027125,1008851.0,version
1027126,1008852.0,version
1027127,1008853.0,version
1027128,1008854.0,version
1027129,1444837.0,version
1027130,1444838.0,version
1028771,1444839.0,version
1028772,1008855.0,version
1028773,1008856.0,version
1028774,1008857.0,version
1028775,1008858.0,version
1028776,1008859.0,version
1028777,1008860.0,version
1028779,1008862.0,version
1028780,1008863.0,version
1028781,1008864.0,version
1028782,1008865.0,version
1028783,1008866.0,version
1028784,1008867.0,version
1028785,1008868.0,version
1028786,1008869.0,version
1028787,1008870.0,version
1028788,1008871.0,version
1028789,1008872.0,version
1028791,1008874.0,version
1028792,1008875.0,version
1028793,1008876.0,version
1028794,1008877.0,version
1028795,1008878.0,version
1028797,1008880.0,version
1028798,1008881.0,version
1028799,1008882.0,version
1028800,1008883.0,version
1028801,1008884.0,version
1028802,1008885.0,version
1028803,1008886.0,version
1028805,1041650.0,version
1028806,1041651.0,version
1028807,1041652.0,version
1028808,1041653.0,version
1028809,1178094.0,version
1028810,1178095.0,version
1028811,1178096.0,version
1028812,1178097.0,version
1028813,1178098.0,version
1028814,1178099.0,version
1028816,1178101.0,version
1028817,1178102.0,version
1028818,1041852.0,version
1028819,1041853.0,version
1028820,1041854.0,version
1028821,1041855.0,version
1028822,1253352.0,version
1028823,1178450.0,version
1028834,1009320.0,version
1028835,1009321.0,version
1028836,1009322.0,version
1028837,1009323.0,version
1028838,1009324.0,version
1028839,1009325.0,version
1028840,1009326.0,version
1028841,1009327.0,version
1028842,1253357.0,version
1028843,1009414.0,version
1028844,1009415.0,version
1028846,1394306.0,version
1028847,1394307.0,version
1028848,1394308.0,version
1028849,1394309.0,version
1028850,1394310.0,version
1028851,1394312.0,version
1028852,1394313.0,version
1028855,1106639.0,version
1028857,1282768.0,version
1028864,1499567.0,version
1028865,1499568.0,version
1028866,1499569.0,version
1028867,1499570.0,version
1028868,1499571.0,version
1028869,1499572.0,version
1028870,1499573.0,version
1028871,1499574.0,version
1028875,1499922.0,version
1028876,1499923.0,version
1028877,1499924.0,version
1028878,1499925.0,version
1028879,1499926.0,version
1028880,1499927.0,version
1028881,1499928.0,version
1028882,1499929.0,version
1028883,1499930.0,version
1028884,1499931.0,version
1028885,1499932.0,version
1028886,1499933.0,version
1028887,1499934.0,version
1028888,1499935.0,version
1028889,1499936.0,version
1028890,1499937.0,version
1028891,1499938.0,version
1028892,1499939.0,version
1028893,1499940.0,version
1028894,1499941.0,version
1028895,1499942.0,version
1028896,1106711.0,version
1028898,1106713.0,version
1028899,1106714.0,version
1028900,1106715.0,version
1028904,1042747.0,version
1028905,1042748.0,version
1028906,1042749.0,version
1028907,1042750.0,version
1028908,1042751.0,version
1028909,1042752.0,version
1028910,1042753.0,version
1028911,1042754.0,version
1028912,1042755.0,version
1028913,1042756.0,version
1028914,1042757.0,version
1028915,1042758.0,version
1028925,1081236.0,version
1028930,1156524.0,version
1028931,1156525.0,version
1028932,1156526.0,version
1028933,1156527.0,version
1028934,1010413.0,version
1028935,1167767.0,version
1028936,1081791.0,version
1028940,1081795.0,version
1028941,1081796.0,version
1028942,1081797.0,version
1028945,1081800.0,version
1028946,1081801.0,version
1028951,1081810.0,version
1028955,1081815.0,version
1028960,1081820.0,version
1028968,1081868.0,version
1028973,1132023.0,version
1028974,1132025.0,version
1028975,1132028.0,version
1028976,1132036.0,version
1028978,1132044.0,version
1028979,1132059.0,version
1028980,1132060.0,version
1028981,1132061.0,version
1028982,1132062.0,version
1028983,1132063.0,version
1028984,1132064.0,version
1028985,1132066.0,version
1028986,1132067.0,version
1028987,1132068.0,version
1028988,1132069.0,version
1028989,1132070.0,version
1028990,1132071.0,version
1028991,1132072.0,version
1028992,1132073.0,version
1066827,1132074.0,version
1087880,1132075.0,version
1108974,1132076.0,version
1108975,1132077.0,version
1108976,1132124.0,version
1108977,1132125.0,version
1108979,1132126.0,version
1108980,1132127.0,version
1108981,1132128.0,version
1108982,1132129.0,version
1108983,1132130.0,version
1108984,1132131.0,version
1108985,1132132.0,version
1108986,1132133.0,version
1108987,1132134.0,version
1108988,1132135.0,version
1108989,1132136.0,version
1108990,1132137.0,version
1108991,1132138.0,version
1108992,1132139.0,version
1108993,1132140.0,version
1108994,1132141.0,version
1108995,1132142.0,version
1108996,1132143.0,version
1108997,1132144.0,version
1108998,1132145.0,version
1108999,1132146.0,version
1109000,1132147.0,version
1109001,1132148.0,version
1109002,1132149.0,version
1109003,1132150.0,version
1109004,1132151.0,version
1109005,1132152.0,version
1109006,1132153.0,version
1109007,1132154.0,version
1109008,1132155.0,version
1109009,1132156.0,version
1109010,1132157.0,version
1109011,1132158.0,version
1109012,1132159.0,version
1109013,1132160.0,version
1109014,1132161.0,version
1109015,1132162.0,version
1109016,1132163.0,version
1109017,1132164.0,version
1109018,1132165.0,version
1109019,1132166.0,version
1109020,1132167.0,version
1109021,1132168.0,version
1109022,1132169.0,version
1109023,1132170.0,version
1109024,1132172.0,version
1109025,1132173.0,version
1109026,1132174.0,version
1109027,1132175.0,version
1109028,1132176.0,version
1109029,1132177.0,version
1109030,1132178.0,version
1109031,1132179.0,version
1109032,1132180.0,version
1109033,1132181.0,version
1109034,1132182.0,version
1109035,1132183.0,version
1109036,1132184.0,version
1109037,1132185.0,version
1109038,1132186.0,version
1109039,1132187.0,version
1109040,1132188.0,version
1109041,1132189.0,version
1109042,1132190.0,version
1109043,1132191.0,version
1109044,1132192.0,version
1109045,1132197.0,version
1109046,1132198.0,version
1109047,1132199.0,version
1109048,1132200.0,version
1109049,1132201.0,version
1109050,1132202.0,version
1109051,1132203.0,version
1109052,1132204.0,version
1109053,1132205.0,version
1109054,1132206.0,version
1109055,1132207.0,version
1109056,1132208.0,version
1109057,1132209.0,version
1109058,1132210.0,version
1109059,1132211.0,version
1109060,1132212.0,version
1109061,1132171.0,version
1109065,1132214.0,version
1109066,1132215.0,version
1109067,1132216.0,version
1109068,1132217.0,version
1109069,1132218.0,version
1109070,1132220.0,version
1109071,1132221.0,version
1109072,1132234.0,version
1109073,1132235.0,version
1109074,1132237.0,version
1109075,1132238.0,version
1109076,1132239.0,version
1109077,1132240.0,version
1109078,1132241.0,version
1109079,1132242.0,version
1109080,1132243.0,version
1109081,1132244.0,version
1109082,1132245.0,version
1109086,1132246.0,version
1109087,1132247.0,version
1109088,1132248.0,version
1109089,1132250.0,version
1109090,1132251.0,version
1109091,1132252.0,version
1109092,1132253.0,version
1109093,1132254.0,version
1109094,1132255.0,version
1109095,1132256.0,version
1109096,1132257.0,version
1109097,1132258.0,version
1109098,1132259.0,version
1109099,1132260.0,version
1109100,1132261.0,version
1109101,1132262.0,version
1109102,1132263.0,version
1109103,1132264.0,version
1109104,1132265.0,version
1109105,1010819.0,version
1109106,1132266.0,version
1109107,1132267.0,version
1109108,1132268.0,version
1109109,1132269.0,version
1109110,1132270.0,version
1109111,1132271.0,version
1109112,1132272.0,version
1109113,1132273.0,version
1109114,1132276.0,version
1109115,1132280.0,version
1109116,1132281.0,version
1109117,1132282.0,version
1109118,1132285.0,version
1109119,1132286.0,version
1109120,1010825.0,version
1109121,1231894.0,version
1109122,1010827.0,version
1109123,1010828.0,version
1109124,1340270.0,version
1109125,1340271.0,version
1109126,1340272.0,version
1109127,1340273.0,version
1109128,1340274.0,version
1109129,1340275.0,version
1109130,1340276.0,version
1109131,1340277.0,version
1109132,1340278.0,version
1109133,1340279.0,version
1109134,1340280.0,version
1109135,1340281.0,version
1109136,1340282.0,version
1038939,1340283.0,version
1038940,1340284.0,version
1038941,1340285.0,version
1038942,1340286.0,version
1038943,1340287.0,version
1038944,1340288.0,version
1038945,1340289.0,version
1038946,1340290.0,version
1038947,1340291.0,version
1038948,1340292.0,version
1038949,1340293.0,version
1038950,1340294.0,version
1227588,1340295.0,version
1059272,1340296.0,version
1059273,1340297.0,version
1059274,1340298.0,version
1059275,1340299.0,version
1059276,1340300.0,version
1059277,1340301.0,version
1059278,1340302.0,version
1059279,1010871.0,version
1059280,1340303.0,version
1059281,1340304.0,version
1059282,1340305.0,version
1059283,1340306.0,version
1059284,1340307.0,version
1059285,1340308.0,version
1059286,1340309.0,version
1059287,1340310.0,version
1059288,1340311.0,version
1059289,1340312.0,version
1059290,1340313.0,version
1059291,1340314.0,version
1059292,1340315.0,version
1059293,1340316.0,version
1059294,1010886.0,version
1059295,1010887.0,version
1059296,1340317.0,version
1112949,1340318.0,version
1112966,1340319.0,version
1112967,1340320.0,version
1112968,1010892.0,version
1113136,1010893.0,version
1113138,1010894.0,version
1203637,1010896.0,version
1061716,1340321.0,version
1061717,1340322.0,version
1061718,1340323.0,version
1061719,1010900.0,version
1061720,1340324.0,version
1061721,1340325.0,version
1061722,1340326.0,version
1061723,1340327.0,version
1061724,1340328.0,version
1061725,1340329.0,version
1061726,1340330.0,version
1061727,1340331.0,version
1061728,1340332.0,version
1061729,1340333.0,version
1061730,1340334.0,version
1061731,1340335.0,version
1061732,1340336.0,version
1061733,1010905.0,version
1061734,1010906.0,version
1000096,1010912.0,version
1000097,1010913.0,version
1000103,1010919.0,version
1000104,1010920.0,version
1000105,1010921.0,version
1000109,1010925.0,version
1000110,1010926.0,version
1000111,1010927.0,version
1000112,1010928.0,version
1000113,1010929.0,version
1000114,1010930.0,version
1000115,1010931.0,version
1000116,1010932.0,version
1000117,1010933.0,version
1000118,1010934.0,version
1000119,1010935.0,version
1000120,1010936.0,version
1000121,1010937.0,version
1000122,1010938.0,version
1000123,1010939.0,version
1000124,1010940.0,version
1000125,1010941.0,version
1000126,1010942.0,version
1000127,1010943.0,version
1000128,1010944.0,version
1000129,1010945.0,version
1000130,1010946.0,version
1000131,1010947.0,version
1000132,1010948.0,version
1000133,1010949.0,version
1000134,1010950.0,version
1000135,1010951.0,version
1000136,1010952.0,version
1000137,1010953.0,version
1000138,1010954.0,version
1000139,1010955.0,version
1000140,1010956.0,version
1000141,1010957.0,version
1000142,1010958.0,version
1000143,1010959.0,version
1000144,1010960.0,version
1000146,1010962.0,version
1000148,1010964.0,version
1000149,1010965.0,version
1000150,1010966.0,version
1000151,1010967.0,version
1000152,1010968.0,version
1000154,1010970.0,version
1000155,1010971.0,version
1000156,1010972.0,version
1000157,1010973.0,version
1000158,1010974.0,version
1000159,1010975.0,version
1000160,1010976.0,version
1000161,1010977.0,version
1000162,1010978.0,version
1000164,1010980.0,version
1000166,1132676.0,version
1000167,1132677.0,version
1000168,1010984.0,version
1000171,1010987.0,version
1000174,1010990.0,version
1000177,1010993.0,version
1000178,1140271.0,version
1000181,1284591.0,version
1000183,1284593.0,version
1000184,1284594.0,version
1000185,1284595.0,version
1000188,1284598.0,version
1000190,1284600.0,version
1000192,1284602.0,version
1000193,1284603.0,version
1092887,1284604.0,version
1092888,1284605.0,version
1092889,1284606.0,version
1092890,1284607.0,version
1092891,1284608.0,version
1092892,1284609.0,version
1092893,1284731.0,version
1092899,1284743.0,version
1092900,1232410.0,version
1092984,1232411.0,version
1092986,1285445.0,version
1092987,1285454.0,version
1092988,1285458.0,version
1092989,1285459.0,version
1092990,1285460.0,version
1092991,1285471.0,version
1092992,1285472.0,version
1092995,1285475.0,version
1093008,1011354.0,version
1093009,1011355.0,version
1093010,1011356.0,version
1093011,1011357.0,version
1093012,1011358.0,version
1093014,1011604.0,version
1093036,1286503.0,version
1093037,1133752.0,version
1093038,1133762.0,version
1093039,1133763.0,version
1093040,1133753.0,version
1093042,1133754.0,version
1093043,1133755.0,version
1093044,1133756.0,version
1093045,1133757.0,version
1093046,1133758.0,version
1093047,1133759.0,version
1093048,1133760.0,version
1093049,1133761.0,version
1094298,1450108.0,version
1117524,1182111.0,version
1117525,1182112.0,version
1117526,1182113.0,version
1117527,1182114.0,version
1117528,1182115.0,version
1117529,1182116.0,version
1117530,1182117.0,version
1117531,1011983.0,version
1117532,1054351.0,version
1117533,1054352.0,version
1117534,1054353.0,version
1139666,1054354.0,version
1139667,1054355.0,version
1146195,1054356.0,version
1146196,1054357.0,version
1146197,1012152.0,version
1133348,1135253.0,version
1133349,1135254.0,version
1178945,1135255.0,version
1178947,1135256.0,version
1178948,1012783.0,version
1178949,1012784.0,version
1178950,1012790.0,version
1178951,1012791.0,version
1178952,1183657.0,version
1178958,1183663.0,version
1178959,1183664.0,version
1223519,1140649.0,version
1000104,1013110.0,version
1000106,1013112.0,version
1000107,1013113.0,version
1000108,1013114.0,version
1000109,1013115.0,version
1000110,1013116.0,version
1000111,1013117.0,version
1000112,1013118.0,version
1000130,1013133.0,version
1000131,1013253.0,version
1000132,1013254.0,version
1000133,1013255.0,version
1000134,1013256.0,version
1000135,1013257.0,version
1000136,1013258.0,version
1000137,1013259.0,version
1000138,1013260.0,version
1000139,1013261.0,version
1000140,1013262.0,version
1000141,1013263.0,version
1000142,1013264.0,version
1000143,1013265.0,version
1000144,1013266.0,version
1000145,1013267.0,version
1000147,1085724.0,version
1000150,1452110.0,version
1000151,1452118.0,version
1000154,1085883.0,version
1093034,1013848.0,version
1093039,1013853.0,version
1093040,1013854.0,version
1093042,1237938.0,version
1093045,1237941.0,version
1093046,1237942.0,version
1093047,1237943.0,version
1093048,1237944.0,version
1093049,1237945.0,version
1093829,1237946.0,version
1094168,1237948.0,version
1094298,1237949.0,version
1094299,1237950.0,version
1094300,1237951.0,version
1094697,1237952.0,version
1096304,1237953.0,version
1105921,1237954.0,version
1105922,1237955.0,version
1117524,1237956.0,version
1117526,1237958.0,version
1117527,1237959.0,version
1117529,1237961.0,version
1117530,1237962.0,version
1117531,1237963.0,version
1117532,1237964.0,version
1117534,1237966.0,version
1139666,1237967.0,version
1139667,1237968.0,version
1146195,1237969.0,version
1146196,1237970.0,version
1146198,1237972.0,version
1146199,1237973.0,version
1146200,1237974.0,version
1146201,1237975.0,version
1146202,1013958.0,version
1168113,1013959.0,version
1168114,1013960.0,version
1168115,1013961.0,version
1168116,1013962.0,version
1168117,1013963.0,version
1168118,1013964.0,version
1186365,1013965.0,version
1186367,1013966.0,version
1186368,1013967.0,version
1186369,1013968.0,version
1187026,1013969.0,version
1187029,1013970.0,version
1004949,1013971.0,version
1004950,1013972.0,version
1004951,1013973.0,version
1004952,1137213.0,version
1004959,1185418.0,version
1004961,1148074.0,version
1010413,1148075.0,version
1013110,1148076.0,version
1013111,1148077.0,version
1013112,1185734.0,version
1013113,1185735.0,version
1013114,1185736.0,version
1013115,1185737.0,version
1013116,1014234.0,version
1013117,1014235.0,version
1013118,1014236.0,version
1013119,1014237.0,version
1013120,1014238.0,version
1013121,1014239.0,version
1013123,1014241.0,version
1014234,1014243.0,version
1014238,1014247.0,version
1014239,1014248.0,version
1014240,1014249.0,version
1014241,1014250.0,version
1014242,1014251.0,version
1014243,1014252.0,version
1014245,1014254.0,version
1014246,1014255.0,version
1014247,1014256.0,version
1014249,1014258.0,version
1014250,1014259.0,version
1014251,1014260.0,version
1014252,1014261.0,version
1014253,1014262.0,version
1014267,1014276.0,version
1014268,1014277.0,version
1014269,1014278.0,version
1014270,1444840.0,version
1014271,1185800.0,version
1014277,1444841.0,version
1014278,1444842.0,version
1076355,1444843.0,version
1228556,1453688.0,version
1016210,1444844.0,version
1016211,1444845.0,version
1016212,1167756.0,version
1016213,1167757.0,version
1016215,1167760.0,version
1016216,1167761.0,version
1016217,1167762.0,version
1016218,1167763.0,version
1016219,1167764.0,version
1016220,1167765.0,version
1016221,1167766.0,version
1016222,1087390.0,version
1016237,1167769.0,version
1016238,1167770.0,version
1016239,1167771.0,version
1016240,1167772.0,version
1016241,1167773.0,version
1016242,1167774.0,version
1016243,1167775.0,version
1016244,1167776.0,version
1016245,1167777.0,version
1016247,1167779.0,version
1016251,1087491.0,version
1016252,1087492.0,version
1016253,1087474.0,version
1016255,1167781.0,version
1016270,1087484.0,version
1016281,1014620.0,version
1016283,1014621.0,version
1016285,1014622.0,version
1016286,1014623.0,version
1016288,1014624.0,version
1016289,1014625.0,version
1016291,1014626.0,version
1016292,1014627.0,version
1016293,1014628.0,version
1016294,1014629.0,version
1016296,1014630.0,version
1016299,1014631.0,version
1016300,1014632.0,version
1016301,1014633.0,version
1016302,1014634.0,version
1016305,1014635.0,version
1016308,1014636.0,version
1016310,1014637.0,version
1016312,1014638.0,version
1016313,1014639.0,version
1016314,1014640.0,version
1016315,1014641.0,version
1016316,1014642.0,version
1016318,1014644.0,version
1016328,1239809.0,version
1016329,1239810.0,version
1016330,1239811.0,version
1016331,1239812.0,version
1016332,1239813.0,version
1016333,1239814.0,version
1016334,1239815.0,version
1016335,1239817.0,version
1016336,1239816.0,version
1016337,1239818.0,version
1016338,1239819.0,version
1016339,1239820.0,version
1016340,1239821.0,version
1016341,1239822.0,version
1016342,1239823.0,version
1016343,1239824.0,version
1016345,1015124.0,version
1016354,1186966.0,version
1016355,1186967.0,version
1016356,1186968.0,version
1016357,1186969.0,version
1016358,1186970.0,version
1016359,1186971.0,version
1016361,1186972.0,version
1016362,1186973.0,version
1016363,1186974.0,version
1016364,1186975.0,version
1016371,1186982.0,version
1016377,1186984.0,version
1016378,1186985.0,version
1016398,1187021.0,version
1016413,1187049.0,version
1016414,1187110.0,version
1016415,1187111.0,version
1016416,1187112.0,version
1016417,1187113.0,version
1016422,1187152.0,version
1016426,1187161.0,version
1016427,1187162.0,version
1016429,1187164.0,version
1016432,1187167.0,version
1016433,1187168.0,version
1016434,1187169.0,version
1016435,1187183.0,version
1016438,1187173.0,version
1016439,1187175.0,version
1016440,1187176.0,version
1016443,1187179.0,version
1016445,1187181.0,version
1016446,1187182.0,version
1016470,1028976.0,version
1016474,1421221.0,version
1016475,1187489.0,version
1016476,1187490.0,version
1016477,1187491.0,version
1016478,1187492.0,version
1016480,1187493.0,version
1016481,1187494.0,version
1016486,1187497.0,version
1016488,1187498.0,version
1016490,1421224.0,version
1016491,1187499.0,version
1016492,1187500.0,version
1016493,1187501.0,version
1016494,1028983.0,version
1016495,1421225.0,version
1016496,1187502.0,version
1016498,1188175.0,version
1016499,1188176.0,version
1016503,1421227.0,version
1016505,1421228.0,version
1016507,1028988.0,version
1016508,1028989.0,version
1016514,1028990.0,version
1016525,1028992.0,version
1016532,1015607.0,version
1016533,1015608.0,version
1016534,1015609.0,version
1016535,1015610.0,version
1016536,1015611.0,version
1016537,1015612.0,version
1016538,1015613.0,version
1016539,1015614.0,version
1016540,1015615.0,version
1016541,1015616.0,version
1016542,1015617.0,version
1016543,1015618.0,version
1016544,1015619.0,version
1016545,1015620.0,version
